,method,source,native,parents,p_value,description,intersection_size
0,DT_score_c45,GO:BP,GO:0048525,"['GO:0016032', 'GO:0048519', 'GO:0050792']",1.424866530452092e-12,"""Any process that stops, prevents, or reduces the frequency, rate or extent of a multi-organism process in which a virus is a participant."" [GOC:bf, GOC:jl]",13
1,DT_score_c45,GO:BP,GO:0045071,"['GO:0019079', 'GO:0045069', 'GO:0048525']",3.2534921872843698e-12,"""Any process that stops, prevents, or reduces the frequency, rate or extent of viral genome replication."" [GOC:go_curators]",11
2,DT_score_c45,GO:BP,GO:1903900,"['GO:0019058', 'GO:0050792']",1.5148043908132664e-11,"""Any process that modulates the frequency, rate or extent of viral life cycle."" [GO_REF:0000058, GOC:TermGenie, PMID:18005716]",14
3,DT_score_c45,GO:BP,GO:0050792,"['GO:0016032', 'GO:0050789']",1.297600324394886e-10,"""Any process that modulates the rate or extent of the viral life cycle, the set of processes by which a virus reproduces and spreads among hosts."" [GOC:go_curators, GOC:tb]",14
4,DT_score_c45,REAC,REAC:R-HSA-1169410,['REAC:R-HSA-913531'],1.495747456441142e-10,Antiviral mechanism by IFN-stimulated genes,12
5,DT_score_c45,REAC,REAC:R-HSA-913531,['REAC:R-HSA-1280215'],2.6160609967223923e-10,Interferon Signaling,16
6,DT_score_c45,GO:BP,GO:0045069,"['GO:0019079', 'GO:1903900']",5.168644099393182e-10,"""Any process that modulates the frequency, rate or extent of viral genome replication."" [GOC:ai]",11
7,DT_score_c45,GO:BP,GO:0009615,['GO:0051707'],1.5216505071099473e-08,"""Any process that results in a change in state or activity of a cell or an organism (in terms of movement, secretion, enzyme production, gene expression, etc.) as a result of a stimulus from a virus."" [GOC:hb]",17
8,DT_score_c45,GO:BP,GO:0051607,"['GO:0009615', 'GO:0140546']",4.2308957782429024e-08,"""Reactions triggered in response to the presence of a virus that act to protect the cell or organism."" [GOC:ai]",15
9,DT_score_c45,GO:BP,GO:0019079,"['GO:0016032', 'GO:0019058']",4.995582794188816e-08,"""Any process involved directly in viral genome replication, including viral nucleotide metabolism."" [ISBN:0781702534]",11
10,DT_score_c45,GO:BP,GO:0019058,['GO:0016032'],6.053062049362031e-08,"""A set of processes which all viruses follow to ensure survival; includes attachment and entry of the virus particle, decoding of genome information, translation of viral mRNA by host ribosomes, genome replication, and assembly and release of viral particles containing the genome."" [ISBN:1555811272]",15
11,DT_score_c45,GO:BP,GO:0016032,['GO:0008150'],3.720416180054808e-07,"""A multi-organism process in which a virus is a participant. The other participant is the host. Includes infection of a host cell, replication of the viral genome, and assembly of progeny virus particles. In some cases the viral genetic material may integrate into the host genome and only subsequently, under particular circumstances, 'complete' its life cycle."" [GOC:bf, GOC:jl, GOC:mah]",16
12,DT_score_c45,REAC,REAC:R-HSA-1169408,['REAC:R-HSA-1169410'],8.145748196145557e-07,ISG15 antiviral mechanism,9
13,DT_score_c45,GO:MF,GO:0003725,['GO:0003723'],1.9081617087226625e-06,"""Binding to double-stranded RNA."" [GOC:jl]",8
14,DT_score_c45,GO:CC,GO:0005654,"['GO:0031981', 'GO:0110165']",2.123851521531932e-06,"""That part of the nuclear content other than the chromosomes or the nucleolus."" [GOC:ma, ISBN:0124325653]",44
15,DT_score_c45,GO:MF,GO:0017076,['GO:0000166'],3.6697873737769717e-06,"""Binding to a purine nucleotide, a compound consisting of a purine nucleoside esterified with (ortho)phosphate."" [GOC:ai]",31
16,DT_score_c45,GO:MF,GO:0032555,"['GO:0017076', 'GO:0032553']",4.561137710717628e-06,"""Binding to a purine ribonucleotide, any compound consisting of a purine ribonucleoside that is esterified with (ortho)phosphate or an oligophosphate at any hydroxyl group on the ribose moiety."" [GOC:mah]",30
17,DT_score_c45,TF,TF:M11677,['TF:M00000'],5.0910895824816695e-06,Factor: IRF-3; motif: NGGAAACNGAAACCGAAACN,16
18,DT_score_c45,GO:MF,GO:0097367,['GO:0005488'],5.450367608648401e-06,"""Binding to a carbohydrate derivative."" [GOC:pr]",33
19,DT_score_c45,GO:MF,GO:0032553,"['GO:0000166', 'GO:0097367']",5.595210070528991e-06,"""Binding to a ribonucleotide, any compound consisting of a ribonucleoside that is esterified with (ortho)phosphate or an oligophosphate at any hydroxyl group on the ribose moiety."" [GOC:mah]",30
20,DT_score_c45,TF,TF:M11681,['TF:M00000'],5.9477777360528605e-06,Factor: IRF-9; motif: NCGAAACYGAAACYN,9
21,DT_score_c45,GO:MF,GO:0035639,"['GO:0043168', 'GO:1901265', 'GO:1901363']",8.655987963091966e-06,"""Binding to a purine ribonucleoside triphosphate, a compound consisting of a purine base linked to a ribose sugar esterified with triphosphate on the sugar."" [GOC:BHF, GOC:ebc, ISBN:0198506732]",29
22,DT_score_c45,GO:CC,GO:0043233,"['GO:0031974', 'GO:0043226']",1.1954698572370507e-05,"""The internal volume enclosed by the membranes of a particular organelle; includes the volume enclosed by a single organelle membrane, e.g. endoplasmic reticulum lumen, or the volume enclosed by the innermost of the two lipid bilayers of an organelle envelope, e.g. nuclear lumen."" [GOC:jl, GOC:mah]",56
23,DT_score_c45,GO:CC,GO:0031974,['GO:0110165'],1.1954698572370507e-05,"""The enclosed volume within a sealed membrane or between two sealed membranes. Encompasses the volume enclosed by the membranes of a particular organelle, e.g. endoplasmic reticulum lumen, or the space between the two lipid bilayers of a double membrane surrounding an organelle, e.g. nuclear envelope lumen."" [GOC:add, GOC:mah]",56
24,DT_score_c45,GO:CC,GO:0070013,"['GO:0043229', 'GO:0043233']",1.1954698572370507e-05,"""An organelle lumen that is part of an intracellular organelle."" [GOC:mah]",56
25,DT_score_c45,REAC,REAC:R-HSA-909733,['REAC:R-HSA-913531'],1.9535207138249534e-05,Interferon alpha/beta signaling,8
26,DT_score_c45,GO:MF,GO:0000166,"['GO:1901265', 'GO:1901363']",2.3558334418455883e-05,"""Binding to a nucleotide, any compound consisting of a nucleoside that is esterified with (ortho)phosphate or an oligophosphate at any hydroxyl group on the ribose or deoxyribose."" [GOC:mah, ISBN:0198547684]",31
27,DT_score_c45,GO:MF,GO:1901265,['GO:0097159'],2.3809587995068995e-05,"""Binding to nucleoside phosphate."" [GOC:TermGenie]",31
28,DT_score_c45,GO:MF,GO:0043168,['GO:0043167'],2.5311290145237716e-05,"""Binding to an anion, a charged atom or group of atoms with a net negative charge."" [GOC:jl]",33
29,DT_score_c45,GO:MF,GO:1901363,['GO:0036094'],2.6164661451752094e-05,"""Binding to heterocyclic compound."" [GOC:TermGenie]",32
30,DT_score_c45,GO:CC,GO:0031981,"['GO:0005634', 'GO:0070013']",3.688582925493279e-05,"""The volume enclosed by the nuclear inner membrane."" [GOC:mah, GOC:pz]",49
31,DT_score_c45,GO:MF,GO:0030554,['GO:0017076'],6.091213777665399e-05,"""Binding to an adenyl nucleotide, an adenosine esterified with (ortho)phosphate."" [ISBN:0198506732]",26
32,DT_score_c45,GO:BP,GO:0006403,['GO:0033036'],7.108314205464169e-05,"""A process in which RNA is transported to, or maintained in, a specific location."" [GOC:ai]",10
33,DT_score_c45,GO:MF,GO:0032559,"['GO:0030554', 'GO:0032555']",7.346450134712031e-05,"""Binding to an adenyl ribonucleotide, any compound consisting of adenosine esterified with (ortho)phosphate or an oligophosphate at any hydroxyl group on the ribose moiety."" [GOC:mah]",25
34,DT_score_c45,REAC,REAC:R-HSA-1280215,['REAC:R-HSA-168256'],8.188168617276836e-05,Cytokine Signaling in Immune system,20
35,DT_score_c45,KEGG,KEGG:05164,['KEGG:00000'],0.00010027637776310565,Influenza A,9
36,DT_score_c45,GO:BP,GO:0032481,"['GO:0001819', 'GO:0032479', 'GO:0032606']",0.00011866524814129,"""Any process that activates or increases the frequency, rate, or extent of type I interferon production. Type I interferons include the interferon-alpha, beta, delta, episilon, zeta, kappa, tau, and omega gene families."" [GOC:add, GOC:mah]",7
37,DT_score_c45,GO:BP,GO:0051169,['GO:0046907'],0.00012898454192722424,"""The directed movement of substances into, out of, or within the nucleus."" [GOC:ai]",12
38,DT_score_c45,GO:BP,GO:0006913,['GO:0051169'],0.00012898454192722424,"""The directed movement of molecules between the nucleus and the cytoplasm."" [GOC:go_curators]",12
39,DT_score_c45,REAC,REAC:R-HSA-168276,['REAC:R-HSA-168255'],0.0001294473090483054,NS1 Mediated Effects on Host Pathways,6
40,DT_score_c45,GO:BP,GO:0050657,['GO:0015931'],0.000134006833969295,"""The directed movement of nucleic acids, single or double-stranded polynucleotides involved in the storage, transmission and transfer of genetic information, into, out of or within a cell, or between cells, by means of some agent such as a transporter or pore."" [GOC:ai, ISBN:0198506732]",9
41,DT_score_c45,GO:BP,GO:0050658,"['GO:0050657', 'GO:0051236']",0.000134006833969295,"""The directed movement of RNA, ribonucleic acids, into, out of or within a cell, or between cells, by means of some agent such as a transporter or pore."" [GOC:ai]",9
42,DT_score_c45,REAC,REAC:R-HSA-8983711,['REAC:R-HSA-1169410'],0.0001394000986019975,OAS antiviral response,4
43,DT_score_c45,GO:MF,GO:0005524,"['GO:0032559', 'GO:0035639']",0.00014500468455906914,"""Binding to ATP, adenosine 5'-triphosphate, a universally important coenzyme and enzyme regulator."" [ISBN:0198506732]",24
44,DT_score_c45,GO:BP,GO:0051236,"['GO:0006403', 'GO:0051234']",0.00015758932545039423,"""The directed movement of RNA to a specific location."" [GOC:ai]",9
45,DT_score_c45,GO:BP,GO:0045087,"['GO:0006955', 'GO:0140546']",0.00023478182640132632,"""Innate immune responses are defense responses mediated by germline encoded components that directly recognize components of potential pathogens."" [GO_REF:0000022, GOC:add, GOC:ebc, GOC:mtg_sensu]",19
46,DT_score_c45,KEGG,KEGG:05162,['KEGG:00000'],0.00024077748261995928,Measles,8
47,DT_score_c45,GO:MF,GO:0003723,['GO:0003676'],0.000249133412312675,"""Binding to an RNA molecule or a portion thereof."" [GOC:jl, GOC:mah]",36
48,DT_score_c45,GO:BP,GO:0032479,"['GO:0001817', 'GO:0032606']",0.0002547192063276849,"""Any process that modulates the frequency, rate, or extent of interferon type I production. Type I interferons include the interferon-alpha, beta, delta, episilon, zeta, kappa, tau, and omega gene families."" [GOC:add, GOC:mah]",8
49,DT_score_c45,GO:BP,GO:0032606,['GO:0001816'],0.0002547192063276849,"""The appearance of type I interferon due to biosynthesis or secretion following a cellular stimulus, resulting in an increase in its intracellular or extracellular levels. Type I interferons include the interferon-alpha, beta, delta, episilon, zeta, kappa, tau, and omega gene families."" [GOC:add, ISBN:0126896631, PMID:15546383, PMID:16681834]",8
50,DT_score_c45,GO:CC,GO:0005829,"['GO:0005737', 'GO:0110165']",0.0002568788735868738,"""The part of the cytoplasm that does not contain organelles but which does contain other particulate matter, such as protein complexes."" [GOC:hjd, GOC:jl]",47
51,DT_score_c45,GO:BP,GO:0015931,"['GO:0071702', 'GO:0071705']",0.00029245415176667224,"""The directed movement of nucleobases, nucleosides, nucleotides and nucleic acids, into, out of or within a cell, or between cells, by means of some agent such as a transporter or pore."" [GOC:ai]",10
52,DT_score_c45,WP,WP:WP4868,['WP:000000'],0.0003515674181226864,Type I interferon induction and signaling during SARS CoV 2 infection,5
53,DT_score_c45,GO:CC,GO:0031012,['GO:0030312'],0.0003564683972005899,"""A structure lying external to one or more cells, which provides structural support, biochemical or biomechanical cues for cells or tissues."" [GOC:BHF, GOC:mah, GOC:rph, NIF_Subcellular:nlx_subcell_20090513, PMID:21123617, PMID:28089324]",13
54,DT_score_c45,GO:CC,GO:0030312,"['GO:0071944', 'GO:0110165']",0.0003636678396668382,"""A structure that lies outside the plasma membrane and surrounds the entire cell or cells. This does not include the periplasmic space."" [GOC:go_curators]",13
55,DT_score_c45,WP,WP:WP4880,['WP:000000'],0.0004857634746533694,Host pathogen interaction of human coronaviruses interferon induction,5
56,DT_score_c45,TF,TF:M10080,['TF:M00000'],0.0004932699507366875,Factor: STAT2; motif: RRGRAANNGAAACTGAAAN,12
57,DT_score_c45,KEGG,KEGG:03013,['KEGG:00000'],0.0005061232618376658,Nucleocytoplasmic transport,7
58,DT_score_c45,TF,TF:M04014,['TF:M00000'],0.0005533109968314985,Factor: IRF3; motif: NNRRAANGGAAACCGAAACYR,11
59,DT_score_c45,TF,TF:M11672,['TF:M00000'],0.0005881504948850814,Factor: IRF-5; motif: NCGAAACCGAAACY,8
60,DT_score_c45,GO:BP,GO:0044419,['GO:0008150'],0.0006259557886811388,"""Any process evolved to enable an interaction with an organism of a different species."" [GOC:cc]",25
61,DT_score_c45,HPA,HPA:0461451,['HPA:0460000'],0.0006676795947584154,skin 1; hair follicles[≥Low],12
62,DT_score_c45,GO:MF,GO:0140657,['GO:0003674'],0.0006877991527866647,"""A molecular function characterized by the coupling of ATP hydrolysis to other steps of a reaction mechanism to make the reaction energetically favorable, for example to catalyze a reaction or drive transport against a concentration gradient."" [PMID:24878343, PMID:25750732, PMID:32933017, PMID:33818025, PMID:33873056, PMID:33988324]",14
63,DT_score_c45,GO:MF,GO:0097159,['GO:0005488'],0.000882344247184445,"""Binding to an organic cyclic compound, any molecular entity that contains carbon arranged in a cyclic molecular structure."" [GOC:sjw, PMID:7583672]",61
64,DT_score_c45,TF,TF:M11680,['TF:M00000'],0.0010579700956918482,Factor: IRF-9; motif: NYGAAACYGAAACYN,8
65,DT_score_c45,REAC,REAC:R-HSA-6784531,['REAC:R-HSA-72306'],0.0012287754174423184,tRNA processing in the nucleus,6
66,DT_score_c45,GO:BP,GO:0045088,"['GO:0002831', 'GO:0031347', 'GO:0032101', 'GO:0045087', 'GO:0050776']",0.0013294825944109214,"""Any process that modulates the frequency, rate or extent of the innate immune response, the organism's first line of defense against infection."" [GOC:ebc]",12
67,DT_score_c45,KEGG,KEGG:05171,['KEGG:00000'],0.0014306613837181857,Coronavirus disease - COVID-19,9
68,DT_score_c45,GO:BP,GO:0002831,"['GO:0009607', 'GO:0048583']",0.0015153453975387183,"""Any process that modulates the frequency, rate, or extent of a response to biotic stimulus."" [GOC:add]",13
69,DT_score_c45,GO:BP,GO:0045089,"['GO:0002833', 'GO:0031349', 'GO:0032103', 'GO:0045087', 'GO:0045088', 'GO:0050778']",0.0015620660108703762,"""Any process that activates or increases the frequency, rate or extent of the innate immune response, the organism's first line of defense against infection."" [GOC:ebc]",11
70,DT_score_c45,GO:BP,GO:0002753,"['GO:0002221', 'GO:0030522']",0.0016821585320169034,"""The series of molecular signals initiated by the binding of a ligand from another organism to a cytoplasmic pattern recognition receptor (PRR). PRRs bind pathogen-associated molecular pattern (PAMPs), structures conserved among microbial species."" [GOC:add, GOC:ar, ISBN:0781735149, PMID:15199967, PMID:17328678, PMID:18272355, PMID:19531363, PMID:21187438]",8
71,DT_score_c45,TF,TF:M11671,['TF:M00000'],0.0018240701023857027,Factor: IRF-5; motif: NCGAAACCGAAACY,12
72,DT_score_c45,GO:BP,GO:0098542,"['GO:0006952', 'GO:0051707']",0.0019225888885202672,"""Reactions triggered in response to the presence of another organism that act to protect the cell or organism from damage caused by that organism."" [GOC:dos]",20
73,DT_score_c45,GO:BP,GO:0140546,['GO:0098542'],0.002075676677428852,"""Reactions triggered in response to the presence of a symbiont that act to protect or prevent damage to the host."" [GOC:pg]",19
74,DT_score_c45,GO:BP,GO:0009607,['GO:0050896'],0.002110917540333437,"""Any process that results in a change in state or activity of a cell or an organism (in terms of movement, secretion, enzyme production, gene expression, etc.) as a result of a biotic stimulus, a stimulus caused or produced by a living organism."" [GOC:hb]",23
75,DT_score_c45,GO:BP,GO:0002833,"['GO:0002831', 'GO:0009607', 'GO:0048584']",0.0030151174074155677,"""Any process that activates or increases the frequency, rate, or extent of a response to biotic stimulus."" [GOC:add]",11
76,DT_score_c45,KEGG,KEGG:05169,['KEGG:00000'],0.003397623123280534,Epstein-Barr virus infection,8
77,DT_score_c45,TF,TF:M09957,['TF:M00000'],0.003403225986693211,Factor: IRF-2; motif: NAAANNGAAAGTGAAASTRN,10
78,DT_score_c45,GO:BP,GO:0032728,"['GO:0032481', 'GO:0032608', 'GO:0032648']",0.0035151002702296505,"""Any process that activates or increases the frequency, rate, or extent of interferon-beta production."" [GOC:mah, PMID:15546383]",5
79,DT_score_c45,TF,TF:M11670,['TF:M00000'],0.004259533550567245,Factor: IRF-5; motif: NYGAAACCGAAACY,17
80,DT_score_c45,REAC,REAC:R-HSA-72306,['REAC:R-HSA-8953854'],0.004376975116450785,tRNA processing,7
81,DT_score_c45,GO:BP,GO:0031349,"['GO:0006952', 'GO:0031347', 'GO:0048584']",0.004987481519469485,"""Any process that activates or increases the frequency, rate or extent of a defense response."" [GOC:mah]",12
82,DT_score_c45,GO:BP,GO:0051707,"['GO:0043207', 'GO:0044419']",0.005357596019974923,"""Any process that results in a change in state or activity of a cell or an organism (in terms of movement, secretion, enzyme production, gene expression, etc.) as a result of a stimulus from another living organism."" [GOC:ai]",22
83,DT_score_c45,GO:BP,GO:0010628,"['GO:0010467', 'GO:0010468', 'GO:0010557']",0.005523190999162956,"""Any process that increases the frequency, rate or extent of gene expression. Gene expression is the process in which a gene's coding sequence is converted into a mature gene product (protein or RNA)."" [GOC:txnOH-2018]",19
84,DT_score_c45,GO:BP,GO:0043207,"['GO:0009605', 'GO:0009607']",0.005530304584694367,"""Any process that results in a change in state or activity of a cell or an organism (in terms of movement, secretion, enzyme production, gene expression, etc.) as a result of an external biotic stimulus, an external stimulus caused by, or produced by living things."" [GOC:go_curators]",22
85,DT_score_c45,GO:BP,GO:0051028,['GO:0050658'],0.005577072230894229,"""The directed movement of mRNA, messenger ribonucleic acid, into, out of or within a cell, or between cells, by means of some agent such as a transporter or pore."" [GOC:ai]",7
86,DT_score_c45,GO:CC,GO:0031074,['GO:0032991'],0.005613420966128343,"""Any complex that acts to move proteins or RNAs into or out of the nucleus through nuclear pores."" [GOC:mah]",3
87,DT_score_c45,KEGG,KEGG:05160,['KEGG:00000'],0.006000649168720521,Hepatitis C,7
88,DT_score_c45,GO:CC,GO:0062023,['GO:0031012'],0.006367818677647723,"""An extracellular matrix consisting mainly of proteins (especially collagen) and glycosaminoglycans (mostly as proteoglycans) that provides not only essential physical scaffolding for the cellular constituents but can also initiate crucial biochemical and biomechanical cues required for tissue morphogenesis, differentiation and homeostasis. The components are secreted by cells in the vicinity and form a sheet underlying or overlying cells such as endothelial and epithelial cells."" [GOC:BHF, GOC:rph, PMID:21123617]",10
89,DT_score_c45,GO:BP,GO:0042254,['GO:0022613'],0.006537449522581781,"""A cellular process that results in the biosynthesis of constituent macromolecules, assembly, and arrangement of constituent parts of ribosome subunits; includes transport to the sites of protein synthesis."" [GOC:ma, PMID:26404467, Wikipedia:Ribosome_biogenesis]",10
90,DT_score_c45,TF,TF:M04020_1,['TF:M04020'],0.0068420932332996,Factor: IRF8; motif: NCGAAACCGAAACT; match class: 1,5
91,DT_score_c45,WP,WP:WP4630,['WP:000000'],0.007128183777557072,Measles virus infection,7
92,DT_score_c45,GO:BP,GO:0031328,"['GO:0009891', 'GO:0031325', 'GO:0031326', 'GO:0044249']",0.007919584499490066,"""Any process that activates or increases the frequency, rate or extent of the chemical reactions and pathways resulting in the formation of substances, carried out by individual cells."" [GOC:mah]",30
93,DT_score_c45,GO:BP,GO:0070106,['GO:0019221'],0.007939149000261764,"""The series of molecular signals initiated by interleukin-27 binding to a receptor on the surface of a target cell, and ending with the regulation of a downstream cellular process, e.g. transcription."" [GOC:add, GOC:BHF, GOC:mah, GOC:signaling]",3
94,DT_score_c45,GO:BP,GO:0002758,"['GO:0002218', 'GO:0002757']",0.008233634615968544,"""The series of molecular signals generated by a ligand binding to its receptor that lead to the activation or perpetuation of an innate immune response."" [GOC:jy, GOC:mah, PMID:11418339, PMID:28105028]",9
95,DT_score_c45,GO:BP,GO:0034340,"['GO:0034097', 'GO:0045087']",0.00842050448750173,"""Any process that results in a change in state or activity of a cell or an organism (in terms of movement, secretion, enzyme production, gene expression, etc.) as a result of a type I interferon stimulus. Type I interferons include the interferon-alpha, beta, delta, episilon, zeta, kappa, tau, and omega gene families."" [GOC:add, ISBN:0126896631, PMID:15546383, PMID:16681834]",6
96,DT_score_c45,GO:BP,GO:0006955,"['GO:0002376', 'GO:0050896']",0.008607654135583037,"""Any immune system process that functions in the calibrated response of an organism to a potential internal or invasive threat."" [GO_REF:0000022, GOC:add]",25
97,DT_score_c45,GO:CC,GO:0043232,"['GO:0043228', 'GO:0043229']",0.009131993055661477,"""Organized structure of distinctive morphology and function, not bounded by a lipid bilayer membrane and occurring within the cell. Includes ribosomes, the cytoskeleton and chromosomes."" [GOC:go_curators]",49
98,DT_score_c45,GO:CC,GO:0043228,['GO:0043226'],0.009172057994759808,"""Organized structure of distinctive morphology and function, not bounded by a lipid bilayer membrane. Includes ribosomes, the cytoskeleton and chromosomes."" [GOC:go_curators]",49
99,DT_score_c45,GO:BP,GO:0009891,"['GO:0009058', 'GO:0009889', 'GO:0009893']",0.009292916803050034,"""Any process that activates or increases the frequency, rate or extent of the chemical reactions and pathways resulting in the formation of substances."" [GOC:go_curators]",30
100,DT_score_c45,GO:BP,GO:0140374,"['GO:0045087', 'GO:0051607']",0.009386928393111789,"""A defense response against viruses mediated through an innate immune response. An innate immune response is mediated by germline encoded components that directly recognize components of potential pathogens."" [PMID:31006531]",5
101,DT_score_c45,GO:MF,GO:0004386,"['GO:0140640', 'GO:0140657']",0.010104807142442879,"""Catalysis of the reaction: ATP + H2O = ADP + phosphate, to drive the unwinding of a DNA or RNA helix."" [GOC:jl]",7
102,DT_score_c45,GO:BP,GO:0006405,"['GO:0050658', 'GO:0051168']",0.010240078672968602,"""The directed movement of RNA from the nucleus to the cytoplasm."" [GOC:ma]",6
103,DT_score_c45,GO:MF,GO:0017111,['GO:0016462'],0.010305423072139856,"""Catalysis of the reaction: a ribonucleoside triphosphate + H2O = a ribonucleoside diphosphate + H+ + phosphate."" [RHEA:23680]",14
104,DT_score_c45,REAC,REAC:R-HSA-9705671,['REAC:R-HSA-9705683'],0.01187079735165316,SARS-CoV-2 activates/modulates innate and adaptive immune responses,7
105,DT_score_c45,TF,TF:M11676,['TF:M00000'],0.012509351762808435,Factor: IRF-3; motif: NGGAAANGGAAASNGAAACN,13
106,DT_score_c45,GO:BP,GO:0032103,"['GO:0009605', 'GO:0032101', 'GO:0048584']",0.012718773687550427,"""Any process that activates, maintains or increases the rate of a response to an external stimulus."" [GOC:mah]",13
107,DT_score_c45,GO:BP,GO:0010557,"['GO:0009059', 'GO:0010556', 'GO:0010604', 'GO:0031328']",0.012994920070607742,"""Any process that increases the rate, frequency or extent of the chemical reactions and pathways resulting in the formation of a macromolecule, any molecule of high relative molecular mass, the structure of which essentially comprises the multiple repetition of units derived, actually or conceptually, from molecules of low relative molecular mass."" [GOC:dph, GOC:tb]",29
108,DT_score_c45,GO:BP,GO:0032727,"['GO:0032481', 'GO:0032607', 'GO:0032647']",0.014495114263790949,"""Any process that activates or increases the frequency, rate, or extent of interferon-alpha production."" [GOC:mah, PMID:15546383]",4
109,DT_score_c45,GO:CC,GO:0005856,['GO:0043232'],0.015466887456227596,"""A cellular structure that forms the internal framework of eukaryotic and prokaryotic cells. The cytoskeleton includes intermediate filaments, microfilaments, microtubules, the microtrabecular lattice, and other structures characterized by a polymeric filamentous nature and long-range order within the cell. The various elements of the cytoskeleton not only serve in the maintenance of cellular shape but also have roles in other cellular functions, including cellular movement, cell division, endocytosis, and movement of organelles."" [GOC:mah, PMID:16959967, PMID:27419875]",25
110,DT_score_c45,GO:BP,GO:0002218,"['GO:0002253', 'GO:0045089']",0.015520328872723088,"""Any process that initiates an innate immune response. Innate immune responses are defense responses mediated by germline encoded components that directly recognize components of potential pathogens. Examples of this process include activation of the hypersensitive response of Arabidopsis thaliana and activation of any NOD or TLR signaling pathway in vertebrate species."" [GO_REF:0000022, GOC:add, GOC:mtg_sensu, ISBN:0781735149, PMID:15199967, PMID:16177805]",9
111,DT_score_c45,GO:CC,GO:0034455,"['GO:0005730', 'GO:0140513']",0.017902947035933404,"""A protein complex that forms a subcomplex of the 90S preribosome and is required for the subsequent assembly of the rest of the preribosome. In S. cerevisiae, it is composed of Utp5p, Utp4p, Nan1p, Utp8p, Utp9p, Utp10 and Utp15p."" [GOC:krc, GOC:mah, GOC:vw, PMID:17515605]",2
112,DT_score_c45,GO:BP,GO:0032648,"['GO:0032479', 'GO:0032608']",0.019419129988227642,"""Any process that modulates the frequency, rate, or extent of interferon-beta production."" [GOC:mah, PMID:15546383]",5
113,DT_score_c45,GO:BP,GO:0032608,['GO:0032606'],0.019419129988227642,"""The appearance of interferon-beta due to biosynthesis or secretion following a cellular stimulus, resulting in an increase in its intracellular or extracellular levels."" [GOC:mah, PMID:15546383]",5
114,DT_score_c45,GO:BP,GO:0039529,['GO:0002753'],0.019709121391422075,"""The series of molecular signals initiated by the binding ssRNA or dsRNA from another organism to the cytoplasmic pattern recognition receptor (PRR) RIG-1 (also known as DDX58). RIG-I detects RNA synthesized during viral replication or shed by non-viral pathogens, and triggers a signaling pathway to protect the host against infection, for example by inducing the expression of cytokines."" [GOC:bf, PMID:17328678, PMID:19620789, PMID:21435580, PMID:25579795]",4
115,DT_score_c45,REAC,REAC:R-HSA-8953854,['REAC:0000000'],0.019837115344992343,Metabolism of RNA,16
116,DT_score_c45,GO:CC,GO:0034399,"['GO:0031981', 'GO:0110165']",0.019838327674675808,"""The portion of the nuclear lumen proximal to the inner nuclear membrane."" [GOC:krc, GOC:mah]",6
117,DT_score_c45,GO:MF,GO:0016887,"['GO:0017111', 'GO:0140657']",0.02179539954522655,"""Catalysis of the reaction: ATP + H2O = ADP + H+ phosphate. ATP hydrolysis is used in some reactions as an energy source, for example to catalyze a reaction or drive transport against a concentration gradient."" [RHEA:13065]",10
118,DT_score_c45,GO:CC,GO:0005643,"['GO:0005635', 'GO:0140513']",0.022841091116528628,"""A protein complex providing a discrete opening in the nuclear envelope of a eukaryotic cell, where the inner and outer nuclear membranes are joined."" [ISBN:0198547684]",5
119,DT_score_c45,TF,TF:M09958,['TF:M00000'],0.023421155630651367,Factor: IRF-3; motif: RAAARGGAAANNGAAASNGA,13
120,DT_score_c45,KEGG,KEGG:03008,['KEGG:00000'],0.023528330457142792,Ribosome biogenesis in eukaryotes,6
121,DT_score_c45,GO:CC,GO:0005635,"['GO:0005634', 'GO:0012505', 'GO:0031967']",0.023733408773277936,"""The double lipid bilayer enclosing the nucleus and separating its contents from the rest of the cytoplasm; includes the intermembrane space, a gap of width 20-40 nm (also called the perinuclear space)."" [ISBN:0198547684]",10
122,DT_score_c45,GO:MF,GO:0016462,['GO:0016818'],0.024504823160873344,"""Catalysis of the hydrolysis of a pyrophosphate bond (diphosphate bond) between two phosphate groups."" [GOC:curators, https://en.wikipedia.org/wiki/Pyrophosphatase]",14
123,DT_score_c45,GO:BP,GO:0140888,['GO:0019221'],0.024760762244288977,"""The series of molecular signals initiated by type II interferon binding to its receptor on the surface of a target cell, and ending with the regulation of a downstream cellular process, e.g. transcription. Type II interferon is also known as interferon-gamma."" [GOC:add, GOC:dph, GOC:signaling, PMID:32464097]",6
124,DT_score_c45,GO:MF,GO:0016818,['GO:0016817'],0.024843079090695754,"""Catalysis of the hydrolysis of any acid anhydride which contains phosphorus."" [GOC:jl]",14
125,DT_score_c45,GO:MF,GO:0016817,['GO:0016787'],0.024843079090695754,"""Catalysis of the hydrolysis of any acid anhydride."" [GOC:jl]",14
126,DT_score_c45,GO:CC,GO:0031965,"['GO:0005635', 'GO:0031090']",0.025011845498306883,"""Either of the lipid bilayers that surround the nucleus and form the nuclear envelope; excludes the intermembrane space."" [GOC:mah, GOC:pz]",8
127,DT_score_c45,GO:MF,GO:0003724,"['GO:0004386', 'GO:0008186', 'GO:0140098']",0.025678324967734565,"""Unwinding of an RNA helix, driven by ATP hydrolysis."" [GOC:jl, PMID:19158098]",5
128,DT_score_c45,GO:BP,GO:0051292,"['GO:0006999', 'GO:0046931']",0.026941557868804634,"""The aggregation, arrangement and bonding together of a set of components to form a nuclear pore complex."" [GOC:ai, GOC:mah]",3
129,DT_score_c45,GO:BP,GO:0048522,"['GO:0009987', 'GO:0048518', 'GO:0050794']",0.02835309007426204,"""Any process that activates or increases the frequency, rate or extent of a cellular process, any of those that are carried out at the cellular level, but are not necessarily restricted to a single cell. For example, cell communication occurs among more than one cell, but occurs at the cellular level."" [GOC:jid]",47
130,DT_score_c45,GO:MF,GO:0008186,['GO:0140657'],0.02911421567727769,"""Catalysis of the reaction: ATP + H2O = ADP + phosphate; this reaction requires the presence of RNA, and it drives another reaction."" [GOC:jl]",5
131,DT_score_c45,REAC,REAC:R-HSA-6790901,['REAC:R-HSA-8868773'],0.029526632263176047,rRNA modification in the nucleus and cytosol,5
132,DT_score_c45,GO:BP,GO:0009605,['GO:0050896'],0.031345656704639686,"""Any process that results in a change in state or activity of a cell or an organism (in terms of movement, secretion, enzyme production, gene expression, etc.) as a result of an external stimulus."" [GOC:hb]",29
133,DT_score_c45,HPA,HPA:0600222,['HPA:0600221'],0.03216942474053921,tonsil; squamous epithelial cells[≥Medium],47
134,DT_score_c45,GO:BP,GO:0032607,['GO:0032606'],0.034118585521874835,"""The appearance of interferon-alpha due to biosynthesis or secretion following a cellular stimulus, resulting in an increase in its intracellular or extracellular levels."" [GOC:mah, PMID:15546383]",4
135,DT_score_c45,GO:BP,GO:0032647,"['GO:0032479', 'GO:0032607']",0.034118585521874835,"""Any process that modulates the frequency, rate, or extent of interferon-alpha production."" [GOC:mah, PMID:15546383]",4
136,DT_score_c45,MIRNA,MIRNA:hsa-miR-218-5p,['MIRNA:000000'],0.03418066591790507,hsa-miR-218-5p,16
137,DT_score_c45,GO:BP,GO:0051168,['GO:0006913'],0.034743107540315434,"""The directed movement of substances out of the nucleus."" [GOC:ai]",7
138,DT_score_c45,GO:CC,GO:0005826,"['GO:0030864', 'GO:0032153', 'GO:0070938']",0.035701133867254764,"""A cytoskeletal structure composed of actin filaments and myosin that forms beneath the plasma membrane of many cells, including animal cells and yeast cells, in a plane perpendicular to the axis of the spindle, i.e. the cell division plane. In animal cells, the contractile ring is located at the cleavage furrow. In budding fungal cells, e.g. mitotic S. cerevisiae cells, the contractile ring forms at the mother-bud neck before mitosis."" [GOC:expert_jrp, GOC:sgd_curators, GOC:vw, ISBN:0805319409, ISBN:0815316194, PMID:28914606]",2
139,DT_score_c45,TF,TF:M07216,['TF:M00000'],0.03604205705106672,Factor: IRF1; motif: NNNYASTTTCACTTTCNNTTT,11
140,DT_score_c45,GO:BP,GO:0039530,['GO:0002753'],0.03691797119278065,"""The series of molecular signals initiated by the binding of dsRNA from another organism to the cytoplasmic pattern recognition receptor (PRR) MDA-5 (also known as IFIH1). MDA-5 detects RNA synthesized during viral replication or shed by non-viral pathogens, and triggers a signaling pathway to protect the host against infection, for example by inducing the expression of cytokines."" [GOC:bf, PMID:19620789, PMID:33087405]",3
141,DT_score_c45,GO:CC,GO:0043226,['GO:0110165'],0.037805832937842114,"""Organized structure of distinctive morphology and function. Includes the nucleus, mitochondria, plastids, vacuoles, vesicles, ribosomes and the cytoskeleton, and prokaryotic structures such as anammoxosomes and pirellulosomes. Excludes the plasma membrane."" [GOC:go_curators]",90
142,DT_score_c45,GO:CC,GO:0030684,['GO:1990904'],0.038002957588748346,"""Any complex of pre-rRNAs, ribosomal proteins, and associated proteins formed during ribosome biogenesis."" [PMID:10567516]",5
143,DT_score_c45,GO:BP,GO:0002221,['GO:0002758'],0.04199425439353116,"""The series of molecular signals initiated by a ligand binding to a pattern recognition receptor (PRR), and ending with the regulation of a downstream cellular process, e.g. transcription. PRRs bind pathogen-associated molecular pattern (PAMPs), structures conserved among microbial species, or damage-associated molecular pattern (DAMPs), endogenous molecules released from damaged cells."" [GOC:add, GOC:ar, ISBN:0781735149, PMID:15199967]",8
144,DT_score_c45,TF,TF:M11679,['TF:M00000'],0.04201621446019565,Factor: IRF-7; motif: NCGAAANCGAAANYN,13
145,DT_score_c45,GO:BP,GO:0001819,"['GO:0001816', 'GO:0001817', 'GO:0010628', 'GO:0051240']",0.04438834695985966,"""Any process that activates or increases the frequency, rate or extent of production of a cytokine."" [GOC:add, ISBN:0781735149]",11
146,DT_score_c45,GO:BP,GO:0002376,['GO:0008150'],0.045370031349806265,"""Any process involved in the development or functioning of the immune system, an organismal system for calibrated responses to potential internal or invasive threats."" [GO_REF:0000022, GOC:add]",29
147,DT_score_c45,GO:BP,GO:0002682,"['GO:0002376', 'GO:0050789']",0.048291733379494745,"""Any process that modulates the frequency, rate, or extent of an immune system process."" [GOC:add]",20
148,DT_score_c45,GO:BP,GO:0045943,"['GO:0006356', 'GO:0006360', 'GO:0045893']",0.04914381509907232,"""Any process that activates or increases the frequency, rate or extent of transcription mediated by RNA polymerase I."" [GOC:go_curators, GOC:txnOH]",4
149,DT_score_c45,GO:MF,GO:0001730,['GO:0070566'],0.04963639979326759,"""Catalysis of the reaction: ATP = pppA(2'p5'A)n oligomers. This reaction requires the binding of double-stranded RNA."" [ISBN:0198506732]",2
150,DT_score_c45,CORUM,CORUM:278,['CORUM:0000000'],0.049652489207577824,RFC core complex,2
151,DT_score_c45,GO:BP,GO:0031106,['GO:0032185'],0.04985507773288412,"""Control of the formation, spatial distribution, and breakdown of the septin ring."" [GOC:mah]",2
152,RandomForest_gini,GO:CC,GO:0062023,['GO:0031012'],1.0223208724277012e-11,"""An extracellular matrix consisting mainly of proteins (especially collagen) and glycosaminoglycans (mostly as proteoglycans) that provides not only essential physical scaffolding for the cellular constituents but can also initiate crucial biochemical and biomechanical cues required for tissue morphogenesis, differentiation and homeostasis. The components are secreted by cells in the vicinity and form a sheet underlying or overlying cells such as endothelial and epithelial cells."" [GOC:BHF, GOC:rph, PMID:21123617]",19
153,RandomForest_gini,GO:CC,GO:0005615,"['GO:0005576', 'GO:0110165']",1.4882605733675414e-11,"""That part of a multicellular organism outside the cells proper, usually taken to be outside the plasma membranes, and occupied by fluid."" [ISBN:0198547684]",46
154,RandomForest_gini,GO:CC,GO:0005576,['GO:0110165'],6.868059417957553e-11,"""The space external to the outermost structure of a cell. For cells without external protective or external encapsulating structures this refers to space outside of the plasma membrane. This term covers the host cell environment outside an intracellular parasite."" [GOC:go_curators]",51
155,RandomForest_gini,GO:CC,GO:0070062,"['GO:0005615', 'GO:1903561']",8.580910946234411e-11,"""A vesicle that is released into the extracellular region by fusion of the limiting endosomal membrane of a multivesicular body with the plasma membrane. Extracellular exosomes, also simply called exosomes, have a diameter of about 40-100 nm."" [GOC:BHF, GOC:mah, GOC:vesicles, PMID:15908444, PMID:17641064, PMID:19442504, PMID:19498381, PMID:22418571, PMID:24009894]",36
156,RandomForest_gini,GO:CC,GO:0031012,['GO:0030312'],1.1210124254791606e-10,"""A structure lying external to one or more cells, which provides structural support, biochemical or biomechanical cues for cells or tissues."" [GOC:BHF, GOC:mah, GOC:rph, NIF_Subcellular:nlx_subcell_20090513, PMID:21123617, PMID:28089324]",20
157,RandomForest_gini,GO:CC,GO:0030312,"['GO:0071944', 'GO:0110165']",1.1588543988248712e-10,"""A structure that lies outside the plasma membrane and surrounds the entire cell or cells. This does not include the periplasmic space."" [GOC:go_curators]",20
158,RandomForest_gini,GO:CC,GO:1903561,"['GO:0031982', 'GO:0065010']",1.2041323630265945e-10,"""Any vesicle that is part of the extracellular region."" [GO_REF:0000064, GOC:pm, GOC:TermGenie, PMID:24769233]",36
159,RandomForest_gini,GO:CC,GO:0065010,"['GO:0043227', 'GO:0043230']",1.221125718544041e-10,"""Organized structure of distinctive morphology and function, bounded by a lipid bilayer membrane and occurring outside the cell."" [GOC:isa_complete]",36
160,RandomForest_gini,GO:CC,GO:0043230,"['GO:0005576', 'GO:0043226']",1.221125718544041e-10,"""Organized structure of distinctive morphology and function, occurring outside the cell. Includes, for example, extracellular membrane vesicles (EMVs) and the cellulosomes of anaerobic bacteria and fungi."" [GOC:jl, PMID:9914479]",36
161,RandomForest_gini,GO:CC,GO:0031982,['GO:0043227'],2.4969152301358945e-07,"""Any small, fluid-filled, spherical organelle enclosed by membrane."" [GOC:mah, GOC:pz, GOC:vesicles]",44
162,RandomForest_gini,GO:BP,GO:0097435,['GO:0016043'],3.009989207139005e-06,"""A process that is carried out at the cellular level which results in the assembly, arrangement of constituent parts, or disassembly of a supramolecular fiber, a polymer consisting of an indefinite number of protein or protein complex subunits that have polymerised to form a fiber-shaped structure."" [GOC:pr]",20
163,RandomForest_gini,GO:CC,GO:0005737,"['GO:0005622', 'GO:0110165']",4.95915751146676e-06,"""The contents of a cell excluding the plasma membrane and nucleus, but including other subcellular structures."" [ISBN:0198547684]",81
164,RandomForest_gini,GO:MF,GO:0005201,['GO:0005198'],6.502203525710164e-06,"""The action of a molecule that contributes to the structural integrity of the extracellular matrix."" [GOC:mah]",10
165,RandomForest_gini,GO:MF,GO:0005539,['GO:0097367'],2.4679976120858776e-05,"""Binding to a glycan (polysaccharide) containing a substantial proportion of aminomonosaccharide residues."" [GOC:jl, ISBN:0198506732]",11
166,RandomForest_gini,GO:MF,GO:0030021,['GO:0005201'],4.35803173665563e-05,"""A constituent of the extracellular matrix that enables the matrix to resist compressive forces; often a proteoglycan."" [GOC:mah, ISBN:0815316194]",5
167,RandomForest_gini,GO:CC,GO:0071944,['GO:0110165'],5.190789671265408e-05,"""The broad region around and including the plasma membrane of a cell, encompassing the cell cortex (inside the cell), the plasma membrane, and any external encapsulating structures."" [GOC:pdt]",52
168,RandomForest_gini,GO:BP,GO:0051693,"['GO:0030835', 'GO:0030837']",6.326480787083586e-05,"""The binding of a protein or protein complex to the end of an actin filament, thus preventing the addition, exchange or removal of further actin subunits."" [ISBN:071673706X]",6
169,RandomForest_gini,GO:MF,GO:0004866,"['GO:0030414', 'GO:0061135']",9.679957032649905e-05,"""Binds to and stops, prevents or reduces the activity of an endopeptidase."" [GOC:jl]",9
170,RandomForest_gini,GO:BP,GO:0030835,"['GO:0030042', 'GO:0030834', 'GO:0051494', 'GO:1901880', 'GO:1902904']",0.00011463373745351037,"""Any process that stops, prevents, or reduces the frequency, rate or extent of actin depolymerization."" [GOC:mah]",6
171,RandomForest_gini,GO:MF,GO:0030414,"['GO:0004857', 'GO:0061134']",0.00013058142359574363,"""Binds to and stops, prevents or reduces the activity of a peptidase, any enzyme that catalyzes the hydrolysis peptide bonds."" [GOC:jl]",9
172,RandomForest_gini,GO:MF,GO:0061135,['GO:0061134'],0.00020984100975664067,"""Binds to and modulates the activity of a peptidase, any enzyme that hydrolyzes nonterminal peptide bonds in polypeptides."" [GOC:dph, GOC:tb]",9
173,RandomForest_gini,HPA,HPA:0640202,['HPA:0640201'],0.00022240739463038914,endometrium; endothelial cells[≥Medium],6
174,RandomForest_gini,HPA,HPA:0640201,['HPA:0640000'],0.0002863707215559225,endometrium; endothelial cells[≥Low],6
175,RandomForest_gini,GO:BP,GO:0030834,"['GO:0008064', 'GO:0030042', 'GO:1901879']",0.00036056668058832397,"""Any process that modulates the frequency, rate or extent of the disassembly of actin filaments by the removal of actin monomers from a filament."" [GOC:mah]",6
176,RandomForest_gini,GO:MF,GO:0004867,['GO:0004866'],0.000511389294573311,"""Binds to and stops, prevents or reduces the activity of a serine-type endopeptidase."" [GOC:ai]",7
177,RandomForest_gini,GO:MF,GO:1901681,['GO:0005488'],0.0005449897742045752,"""Binding to a sulfur compound."" [GOC:pr, GOC:TermGenie]",10
178,RandomForest_gini,GO:BP,GO:0030042,"['GO:0008154', 'GO:0051261']",0.0006240165707401806,"""Disassembly of actin filaments by the removal of actin monomers from a filament."" [GOC:mah]",6
179,RandomForest_gini,KEGG,KEGG:00280,['KEGG:00000'],0.0006484537955308164,"Valine, leucine and isoleucine degradation",5
180,RandomForest_gini,GO:BP,GO:0030198,"['GO:0043062', 'GO:0045229']",0.0006813047884125465,"""A process that is carried out at the cellular level which results in the assembly, arrangement of constituent parts, or disassembly of an extracellular matrix."" [GOC:mah]",11
181,RandomForest_gini,GO:BP,GO:0043062,['GO:0016043'],0.0007025151341220496,"""A process that is carried out at the cellular level which results in the assembly, arrangement of constituent parts, or disassembly of structures in the space external to the outermost structure of a cell. For cells without external protective or external encapsulating structures this refers to space outside of the plasma membrane, and also covers the host cell environment outside an intracellular parasite."" [GOC:ai, GOC:dph, GOC:jl, GOC:mah]",11
182,RandomForest_gini,GO:BP,GO:0045229,['GO:0016043'],0.0007243079327391516,"""A process that is carried out at the cellular level which results in the assembly, arrangement of constituent parts, or disassembly of external structures that lie outside the plasma membrane and surround the entire cell."" [GOC:ai, GOC:dph, GOC:jl, GOC:mah]",11
183,RandomForest_gini,GO:MF,GO:0005200,['GO:0005198'],0.000957871955136665,"""The action of a molecule that contributes to the structural integrity of a cytoskeletal structure."" [GOC:mah]",7
184,RandomForest_gini,GO:MF,GO:0005198,['GO:0003674'],0.0009590847711143473,"""The action of a molecule that contributes to the structural integrity of a complex."" [GOC:mah, GOC:vw]",19
185,RandomForest_gini,GO:MF,GO:0061134,['GO:0030234'],0.001214176318094171,"""Binds to and modulates the activity of a peptidase, any enzyme that catalyzes the hydrolysis peptide bonds."" [GOC:dph, GOC:tb]",9
186,RandomForest_gini,GO:MF,GO:0003779,['GO:0008092'],0.001214228084098908,"""Binding to monomeric or multimeric forms of actin, including actin filaments."" [GOC:clt]",12
187,RandomForest_gini,GO:BP,GO:0030199,"['GO:0030198', 'GO:0097435']",0.0012408061373219447,"""Any process that determines the size and arrangement of collagen fibrils within an extracellular matrix."" [GOC:mah, ISBN:0815316194]",6
188,RandomForest_gini,GO:CC,GO:0031974,['GO:0110165'],0.0013184183177768908,"""The enclosed volume within a sealed membrane or between two sealed membranes. Encompasses the volume enclosed by the membranes of a particular organelle, e.g. endoplasmic reticulum lumen, or the space between the two lipid bilayers of a double membrane surrounding an organelle, e.g. nuclear envelope lumen."" [GOC:add, GOC:mah]",51
189,RandomForest_gini,GO:CC,GO:0043233,"['GO:0031974', 'GO:0043226']",0.0013184183177768908,"""The internal volume enclosed by the membranes of a particular organelle; includes the volume enclosed by a single organelle membrane, e.g. endoplasmic reticulum lumen, or the volume enclosed by the innermost of the two lipid bilayers of an organelle envelope, e.g. nuclear lumen."" [GOC:jl, GOC:mah]",51
190,RandomForest_gini,GO:CC,GO:0070013,"['GO:0043229', 'GO:0043233']",0.0013184183177768908,"""An organelle lumen that is part of an intracellular organelle."" [GOC:mah]",51
191,RandomForest_gini,GO:BP,GO:0030837,"['GO:0030041', 'GO:0030833', 'GO:0032272', 'GO:0051494', 'GO:1902904']",0.0013598345419694776,"""Any process that stops, prevents, or reduces the frequency, rate or extent of actin polymerization."" [GOC:mah]",6
192,RandomForest_gini,GO:MF,GO:0008201,"['GO:0005539', 'GO:1901681']",0.0017075708575119933,"""Binding to heparin, a member of a group of glycosaminoglycans found mainly as an intracellular component of mast cells and which consist predominantly of alternating alpha-(1->4)-linked D-galactose and N-acetyl-D-glucosamine-6-sulfate residues."" [GOC:jl, ISBN:0198506732]",8
193,RandomForest_gini,GO:CC,GO:0005796,"['GO:0005794', 'GO:0070013']",0.001871826309658514,"""The volume enclosed by the membranes of any cisterna or subcompartment of the Golgi apparatus, including the cis- and trans-Golgi networks."" [GOC:mah]",6
194,RandomForest_gini,GO:BP,GO:1901880,"['GO:0043242', 'GO:0051261', 'GO:1901879']",0.0022868963856068863,"""Any process that stops, prevents or reduces the frequency, rate or extent of protein depolymerization."" [GOC:BHF, GOC:rl, GOC:TermGenie, PMID:12032137]",6
195,RandomForest_gini,WP,WP:WP4686,['WP:000000'],0.0024720448728910113,Leucine isoleucine and valine metabolism,4
196,RandomForest_gini,GO:BP,GO:0007010,['GO:0006996'],0.0025208583363441335,"""A process that is carried out at the cellular level which results in the assembly, arrangement of constituent parts, or disassembly of cytoskeletal structures."" [GOC:dph, GOC:jl, GOC:mah]",22
197,RandomForest_gini,HPA,HPA:0641532,['HPA:0641531'],0.0030287233077812346,endometrium; stromal fibroblasts[≥Medium],5
198,RandomForest_gini,WP,WP:WP5031,['WP:000000'],0.0038502130724627163,Biotin metabolism including IMDs,3
199,RandomForest_gini,GO:BP,GO:0032272,"['GO:0031333', 'GO:0032271', 'GO:0051258']",0.004269953572301433,"""Any process that stops, prevents, or reduces the frequency, rate or extent of the process of creating protein polymers."" [GOC:mah]",6
200,RandomForest_gini,GO:BP,GO:0043242,"['GO:0032984', 'GO:0043244', 'GO:0051129']",0.004938875785204889,"""Any process that stops, prevents, or reduces the frequency, rate or extent of protein complex disassembly, the disaggregation of a protein complex into its constituent components."" [GOC:jl]",6
201,RandomForest_gini,GO:CC,GO:0005925,['GO:0030055'],0.005168767690962933,"""A cell-substrate junction that anchors the cell to the extracellular matrix and that forms a point of termination of actin filaments. In insects focal adhesion has also been referred to as hemi-adherens junction (HAJ)."" [GOC:aruk, GOC:bc, ISBN:0124325653, ISBN:0815316208, PMID:10419689, PMID:12191915, PMID:15246682, PMID:1643657, PMID:16805308, PMID:19197329, PMID:23033047, PMID:26923917, PMID:28796323, PMID:8314002]",10
202,RandomForest_gini,HPA,HPA:0640000,['HPA:0000000'],0.005396715172922968,endometrium,7
203,RandomForest_gini,HPA,HPA:0641531,['HPA:0640000'],0.005801771298513544,endometrium; stromal fibroblasts[≥Low],5
204,RandomForest_gini,GO:MF,GO:0051015,"['GO:0003779', 'GO:0044877']",0.005862032249333697,"""Binding to an actin filament, also known as F-actin, a helical filamentous polymer of globular G-actin subunits."" [ISBN:0198506732]",8
205,RandomForest_gini,GO:CC,GO:0030055,['GO:0070161'],0.006315165814266035,"""A cell junction that forms a connection between a cell and the extracellular matrix."" [GOC:aruk, GOC:bc, GOC:hb, GOC:mah, PMID:10419689, PMID:1643657, PMID:16805308, PMID:26923917, PMID:8314002]",10
206,RandomForest_gini,GO:BP,GO:2000145,"['GO:0040012', 'GO:0048870', 'GO:0050794']",0.0063512741816685765,"""Any process that modulates the frequency, rate or extent of cell motility."" [GOC:mah]",17
207,RandomForest_gini,REAC,REAC:R-HSA-3656243,['REAC:R-HSA-3560782'],0.006352652952104519,Defective ST3GAL3 causes MCT12 and EIEE15,3
208,RandomForest_gini,REAC,REAC:R-HSA-3323169,['REAC:R-HSA-3296482'],0.006352652952104519,Defects in biotin (Btn) metabolism,3
209,RandomForest_gini,REAC,REAC:R-HSA-3656225,['REAC:R-HSA-3560782'],0.006352652952104519,Defective CHST6 causes MCDC1,3
210,RandomForest_gini,REAC,REAC:R-HSA-3656244,['REAC:R-HSA-3560782'],0.006352652952104519,Defective B4GALT1 causes B4GALT1-CDG (CDG-2d),3
211,RandomForest_gini,GO:BP,GO:1901879,"['GO:0043244', 'GO:0051261']",0.007475631996469348,"""Any process that modulates the frequency, rate or extent of protein depolymerization."" [GOC:BHF, GOC:rl, GOC:TermGenie, PMID:12032137]",6
212,RandomForest_gini,GO:BP,GO:0030029,['GO:0009987'],0.009200561371173118,"""Any cellular process that depends upon or alters the actin cytoskeleton, that part of the cytoskeleton comprising actin filaments and their associated proteins."" [GOC:mah]",15
213,RandomForest_gini,GO:BP,GO:0040012,"['GO:0040011', 'GO:0050789']",0.01102649471152391,"""Any process that modulates the frequency, rate or extent of locomotion of a cell or organism."" [GOC:ems]",17
214,RandomForest_gini,GO:BP,GO:0030036,"['GO:0007010', 'GO:0030029']",0.011722770142753771,"""A process that is carried out at the cellular level which results in the assembly, arrangement of constituent parts, or disassembly of cytoskeletal structures comprising actin filaments and their associated proteins."" [GOC:dph, GOC:jl, GOC:mah]",14
215,RandomForest_gini,GO:CC,GO:0005856,['GO:0043232'],0.012159711696215287,"""A cellular structure that forms the internal framework of eukaryotic and prokaryotic cells. The cytoskeleton includes intermediate filaments, microfilaments, microtubules, the microtrabecular lattice, and other structures characterized by a polymeric filamentous nature and long-range order within the cell. The various elements of the cytoskeleton not only serve in the maintenance of cellular shape but also have roles in other cellular functions, including cellular movement, cell division, endocytosis, and movement of organelles."" [GOC:mah, PMID:16959967, PMID:27419875]",25
216,RandomForest_gini,HPA,HPA:0130653,['HPA:0130652'],0.012182189771874406,colon; fibroblasts[High],5
217,RandomForest_gini,GO:BP,GO:0030334,"['GO:0016477', 'GO:2000145']",0.012377198451284172,"""Any process that modulates the frequency, rate or extent of cell migration."" [GOC:go_curators]",16
218,RandomForest_gini,GO:BP,GO:0006996,['GO:0016043'],0.013805988073345047,"""A process that is carried out at the cellular level which results in the assembly, arrangement of constituent parts, or disassembly of an organelle within a cell. An organelle is an organized structure of distinctive morphology and function. Includes the nucleus, mitochondria, plastids, vacuoles, vesicles, ribosomes and the cytoskeleton. Excludes the plasma membrane."" [GOC:mah]",35
219,RandomForest_gini,GO:CC,GO:0031091,['GO:0030141'],0.01434440853805908,"""A secretory organelle found in blood platelets, which is unique in that it exhibits further compartmentalization and acquires its protein content via two distinct mechanisms: (1) biosynthesis predominantly at the megakaryocyte (MK) level (with some vestigial platelet synthesis) (e.g. platelet factor 4) and (2) endocytosis and pinocytosis at both the MK and circulating platelet levels (e.g. fibrinogen (Fg) and IgG)."" [PMID:8467233]",5
220,RandomForest_gini,HPA,HPA:0641521,['HPA:0640000'],0.014403957391642954,endometrium; nonciliated luminal epithelial cells[≥Low],5
221,RandomForest_gini,HPA,HPA:0130652,['HPA:0130651'],0.014536243710015504,colon; fibroblasts[≥Medium],6
222,RandomForest_gini,GO:MF,GO:0005518,['GO:0044877'],0.015503416045168514,"""Binding to collagen, a group of fibrous proteins of very high tensile strength that form the main component of connective tissue in animals. Collagen is highly enriched in glycine (some regions are 33% glycine) and proline, occurring predominantly as 3-hydroxyproline (about 20%)."" [GOC:ai, ISBN:0198506732]",5
223,RandomForest_gini,GO:CC,GO:0098637,['GO:0098636'],0.015619896336032588,"""Any protein complex that is capable of carrying out some part of the process of cell-matrix adhesion."" [GOC:dos]",3
224,RandomForest_gini,GO:BP,GO:0009081,"['GO:0006520', 'GO:0019752', 'GO:1901564']",0.015632905841570014,"""The chemical reactions and pathways involving amino acids containing a branched carbon skeleton, comprising isoleucine, leucine and valine."" [GOC:ai]",4
225,RandomForest_gini,GO:MF,GO:0004658,['GO:0016421'],0.016493077000635552,"""Catalysis of the reaction: ATP + propanoyl-CoA + HCO3- = ADP + phosphate + (S)-methylmalonyl-CoA."" [EC:6.4.1.3]",2
226,RandomForest_gini,CORUM,CORUM:7057,['CORUM:0000000'],0.016606495796895937,Propionyl-CoA carboxylase,2
227,RandomForest_gini,REAC,REAC:R-HSA-196780,['REAC:R-HSA-196849'],0.018447377225740153,Biotin transport and metabolism,3
228,RandomForest_gini,GO:MF,GO:0008092,['GO:0005515'],0.01923893762861381,"""Binding to a protein component of a cytoskeleton (actin, microtubule, or intermediate filament cytoskeleton)."" [GOC:mah]",16
229,RandomForest_gini,HPA,HPA:0400653,['HPA:0400652'],0.019775915236242603,rectum; fibroblasts[High],5
230,RandomForest_gini,HPA,HPA:0640203,['HPA:0640202'],0.019977659328225,endometrium; endothelial cells[High],4
231,RandomForest_gini,GO:BP,GO:0007015,"['GO:0030036', 'GO:0097435']",0.021539052273406856,"""A process that is carried out at the cellular level which results in the assembly, arrangement of constituent parts, or disassembly of cytoskeletal structures comprising actin filaments. Includes processes that control the spatial distribution of actin filaments, such as organizing filaments into meshworks, bundles, or other structures, as by cross-linking."" [GOC:mah]",11
232,RandomForest_gini,GO:BP,GO:0009611,['GO:0006950'],0.02213924126080186,"""Any process that results in a change in state or activity of a cell or an organism (in terms of movement, secretion, enzyme production, gene expression, etc.) as a result of a stimulus indicating damage to the organism."" [GOC:go_curators]",12
233,RandomForest_gini,HPA,HPA:0640691,['HPA:0640000'],0.02298135249099957,endometrium; smooth muscle cells[≥Low],5
234,RandomForest_gini,GO:CC,GO:0043202,"['GO:0005764', 'GO:0005775']",0.0237291377150831,"""The volume enclosed within the lysosomal membrane."" [GOC:jl, PMID:15213228]",5
235,RandomForest_gini,HPA,HPA:0130651,['HPA:0130000'],0.025273837392379112,colon; fibroblasts[≥Low],6
236,RandomForest_gini,GO:CC,GO:0034774,"['GO:0030141', 'GO:0060205']",0.025595319693997236,"""The volume enclosed by the membrane of a secretory granule."" [GOC:rph]",8
237,RandomForest_gini,GO:CC,GO:0060205,"['GO:0031410', 'GO:0031983', 'GO:0070013']",0.027304081981907327,"""The volume enclosed by a cytoplasmic vesicle."" [GOC:dph, GOC:vesicles]",8
238,RandomForest_gini,GO:CC,GO:0015629,['GO:0005856'],0.027531908070338774,"""The part of the cytoskeleton (the internal framework of a cell) composed of actin and associated proteins. Includes actin cytoskeleton-associated complexes."" [GOC:jl, ISBN:0395825172, ISBN:0815316194]",10
239,RandomForest_gini,GO:CC,GO:0031983,"['GO:0031982', 'GO:0043233']",0.02789426595182651,"""The volume enclosed by the membrane or protein that forms a vesicle."" [GOC:mah, GOC:vesicles]",8
240,RandomForest_gini,HPA,HPA:0400652,['HPA:0400651'],0.028030585851093647,rectum; fibroblasts[≥Medium],6
241,RandomForest_gini,GO:BP,GO:0030041,"['GO:0008154', 'GO:0051258']",0.029236581011024776,"""Assembly of actin filaments by the addition of actin monomers to a filament."" [GOC:mah]",7
242,RandomForest_gini,REAC,REAC:R-HSA-2022857,['REAC:R-HSA-1638074'],0.03166711174062112,Keratan sulfate degradation,3
243,RandomForest_gini,GO:BP,GO:0051261,['GO:0032984'],0.03875075481341779,"""The process in which protein polymers, compounds composed of a large number of component monomers, are broken down. Depolymerization occurs by the successive removal of monomers from an existing poly- or oligomeric protein."" [GOC:ai]",6
244,RandomForest_gini,GO:CC,GO:0005775,"['GO:0005773', 'GO:0070013']",0.04067455617866375,"""The volume enclosed within the vacuolar membrane."" [ISBN:0198506732]",6
245,RandomForest_gini,GO:BP,GO:0065007,['GO:0008150'],0.04093129506097148,"""Any process that modulates a measurable attribute of any biological process, quality or function."" [GOC:dph, GOC:isa_complete, GOC:mah, GOC:pr, GOC:vw]",78
246,RandomForest_gini,GO:MF,GO:0005516,['GO:0005515'],0.048276565812296335,"""Binding to calmodulin, a calcium-binding protein with many roles, both in the calcium-bound and calcium-free states."" [GOC:krc]",7
247,LassoLinear,GO:BP,GO:0034374,['GO:0034369'],1.3592827870705279e-05,"""The acquisition, loss or modification of a protein or lipid within a low-density lipoprotein particle, including the hydrolysis of triglyceride by hepatic lipase, with the subsequent loss of free fatty acid, and the transfer of cholesterol esters from LDL to a triglyceride-rich lipoprotein particle by cholesteryl ester transfer protein (CETP), with the simultaneous transfer of triglyceride to LDL."" [GOC:BHF, GOC:expert_pt, GOC:mah, GOC:rl]",5
248,LassoLinear,GO:CC,GO:0072562,"['GO:0005615', 'GO:0110165']",3.7840198380568175e-05,"""A phospholipid microvesicle that is derived from any of several cell types, such as platelets, blood cells, endothelial cells, or others, and contains membrane receptors as well as other proteins characteristic of the parental cell. Microparticles are heterogeneous in size, and are characterized as microvesicles free of nucleic acids."" [GOC:BHF, GOC:mah, PMID:16373184]",8
249,LassoLinear,GO:CC,GO:0034358,"['GO:0005615', 'GO:1990777']",0.00016780385763977374,"""A spherical particle with a hydrophobic core of triglycerides and/or cholesterol esters, surrounded by an amphipathic monolayer of phospholipids, cholesterol and apolipoproteins. Plasma lipoprotein particles transport lipids, which are non-covalently associated with the particles, in the blood or lymph."" [GOC:BHF, GOC:expert_pt, GOC:rl]",5
250,LassoLinear,GO:CC,GO:1990777,['GO:0032994'],0.00016780385763977374,"""A spherical particle containing non-covalently associated proteins and lipids. Examples are plasma lipoprotein particles which transport lipids in the blood or lymph."" [GOC:vesicles]",5
251,LassoLinear,GO:CC,GO:0070062,"['GO:0005615', 'GO:1903561']",0.00018630235287852467,"""A vesicle that is released into the extracellular region by fusion of the limiting endosomal membrane of a multivesicular body with the plasma membrane. Extracellular exosomes, also simply called exosomes, have a diameter of about 40-100 nm."" [GOC:BHF, GOC:mah, GOC:vesicles, PMID:15908444, PMID:17641064, PMID:19442504, PMID:19498381, PMID:22418571, PMID:24009894]",26
252,LassoLinear,GO:CC,GO:1903561,"['GO:0031982', 'GO:0065010']",0.00023127538384282715,"""Any vesicle that is part of the extracellular region."" [GO_REF:0000064, GOC:pm, GOC:TermGenie, PMID:24769233]",26
253,LassoLinear,GO:CC,GO:0043230,"['GO:0005576', 'GO:0043226']",0.00023335121217798484,"""Organized structure of distinctive morphology and function, occurring outside the cell. Includes, for example, extracellular membrane vesicles (EMVs) and the cellulosomes of anaerobic bacteria and fungi."" [GOC:jl, PMID:9914479]",26
254,LassoLinear,GO:CC,GO:0065010,"['GO:0043227', 'GO:0043230']",0.00023335121217798484,"""Organized structure of distinctive morphology and function, bounded by a lipid bilayer membrane and occurring outside the cell."" [GOC:isa_complete]",26
255,LassoLinear,GO:CC,GO:0032994,['GO:0032991'],0.000247964927346323,"""A macromolecular complex containing separate protein and lipid molecules. Separate in this context means not covalently bound to each other."" [GOC:mah]",5
256,LassoLinear,GO:CC,GO:0005615,"['GO:0005576', 'GO:0110165']",0.00045886014196890946,"""That part of a multicellular organism outside the cells proper, usually taken to be outside the plasma membranes, and occupied by fluid."" [ISBN:0198547684]",33
257,LassoLinear,GO:BP,GO:0034369,"['GO:0034368', 'GO:0071827', 'GO:0097006']",0.0006969646200725742,"""The acquisition, loss or modification of a protein or lipid within a plasma lipoprotein particle, including the hydrolysis of triglyceride by hepatic lipase, with the subsequent loss of free fatty acid, and the esterification of cholesterol by phosphatidylcholine-sterol O-acyltransferase (lecithin cholesterol acyltransferase; LCAT)."" [GOC:BHF, GOC:expert_pt, GOC:mah, GOC:rl]",5
258,LassoLinear,GO:BP,GO:0034368,"['GO:0034367', 'GO:0071825']",0.0006969646200725742,"""The acquisition, loss or modification of a protein or lipid within a protein-lipid complex."" [GOC:BHF, GOC:mah, GOC:rl]",5
259,LassoLinear,GO:BP,GO:0034367,['GO:0043933'],0.0010958177468065324,"""The acquisition, loss, or modification of macromolecules within a complex, resulting in the alteration of an existing complex."" [GOC:BHF, GOC:mah, GOC:mtg_mpo, GOC:rl]",5
260,LassoLinear,GO:CC,GO:0005737,"['GO:0005622', 'GO:0110165']",0.0011522045963978764,"""The contents of a cell excluding the plasma membrane and nucleus, but including other subcellular structures."" [ISBN:0198547684]",75
261,LassoLinear,GO:CC,GO:0005576,['GO:0110165'],0.0018389300465949407,"""The space external to the outermost structure of a cell. For cells without external protective or external encapsulating structures this refers to space outside of the plasma membrane. This term covers the host cell environment outside an intracellular parasite."" [GOC:go_curators]",37
262,LassoLinear,HPA,HPA:0151351,['HPA:0150000'],0.0040313570586334715,duodenum; paneth cells[≥Low],10
263,LassoLinear,GO:BP,GO:0071827,"['GO:0032501', 'GO:0071825']",0.005302683795404075,"""A protein-lipid complex subunit organization process that results in the formation, disassembly, or alteration of a plasma lipoprotein particle. A plasma lipoprotein particle is a spherical particle with a hydrophobic core of triglycerides and/or cholesterol esters, surrounded by an amphipathic monolayer of phospholipids, cholesterol and apolipoproteins."" [GOC:BHF, GOC:mah]",5
264,LassoLinear,GO:BP,GO:0006953,['GO:0002526'],0.005302683795404075,"""An acute inflammatory response that involves non-antibody proteins whose concentrations in the plasma increase in response to infection or injury of homeothermic animals."" [ISBN:0198506732]",5
265,LassoLinear,GO:CC,GO:0034362,['GO:0034358'],0.005919478480675117,"""A lipoprotein particle, rich in cholesterol esters and low in triglycerides that is typically composed of APOB100 and APOE and has a density of 1.02-1.06 g/ml and a diameter of between 20-25 nm. LDL particles are formed from VLDL particles (via IDL) by the loss of triglyceride and gain of cholesterol ester. They transport endogenous cholesterol (and to some extent triglycerides) from peripheral tissues back to the liver."" [GOC:BHF, GOC:expert_pt, GOC:mah, GOC:rl]",3
266,LassoLinear,GO:BP,GO:0071825,['GO:0043933'],0.007153760846300133,"""Any process in which macromolecules aggregate, disaggregate, or are modified, resulting in the formation, disassembly, or alteration of a protein-lipid complex."" [GOC:mah]",5
267,LassoLinear,HPA,HPA:0151352,['HPA:0151351'],0.0116147720404598,duodenum; paneth cells[≥Medium],9
268,LassoLinear,HPA,HPA:0401331,['HPA:0400000'],0.015456677091208125,rectum; mucosal lymphoid cells[≥Low],13
269,LassoLinear,REAC,REAC:R-HSA-8963899,['REAC:R-HSA-174824'],0.01722589164075345,Plasma lipoprotein remodeling,4
270,LassoLinear,GO:BP,GO:0002526,['GO:0006954'],0.01775827377698314,"""Inflammation which comprises a rapid, short-lived, relatively uniform response to acute injury or antigenic challenge and is characterized by accumulations of fluid, plasma proteins, and granulocytic leukocytes. An acute inflammatory response occurs within a matter of minutes or hours, and either resolves within a few days or becomes a chronic inflammatory response."" [GO_REF:0000022, GOC:add, ISBN:0781735149]",6
271,LassoLinear,KEGG,KEGG:04936,['KEGG:00000'],0.0224687295936093,Alcoholic liver disease,6
272,LassoLinear,GO:BP,GO:0010743,"['GO:0010742', 'GO:0045595']",0.022469434389444928,"""Any process that modulates the rate, frequency or extent of macrophage derived foam cell differentiation. Macrophage derived foam cell differentiation is the process in which a macrophage acquires the specialized features of a foam cell. A foam cell is a type of cell containing lipids in small vacuoles and typically seen in atherosclerotic lesions, as well as other conditions."" [GOC:add, GOC:BHF, GOC:dph, GOC:tb]",4
273,LassoLinear,WP,WP:WP5109,['WP:000000'],0.024804125570367857,Familial hyperlipidemia type 2,3
274,LassoLinear,GO:CC,GO:0034385,['GO:0034358'],0.026841664681519103,"""A plasma lipoprotein particle that has a hydrophobic core enriched in triglycerides surrounded by an amphipathic monolayer of phospholipids, cholesterol and apolipoproteins. Triglyceride-rich lipoprotein particles transport lipids, which are non-covalently associated with the particles, in the blood."" [GOC:BHF, GOC:mah, GOC:rl]",3
275,LassoLinear,GO:CC,GO:0034361,['GO:0034385'],0.026841664681519103,"""A triglyceride-rich lipoprotein particle that is typically composed of APOB100, APOE and APOCs and has a density of about 1.006 g/ml and a diameter of between 20-80 nm. It is found in blood and transports endogenous products (newly synthesized cholesterol and triglycerides) from the liver."" [GOC:BHF, GOC:expert_pt, GOC:mah, GOC:rl]",3
276,LassoLinear,GO:BP,GO:0097006,['GO:0050789'],0.04393123288067308,"""Any process involved in the maintenance of internal levels of plasma lipoprotein particles within an organism."" [GOC:BHF]",5
277,LassoLinear,GO:BP,GO:0010742,['GO:0090077'],0.04623709550839928,"""The process in which a monocyte acquires the specialized features of a foam cell. A foam cell is a type of cell containing lipids in small vacuoles and typically seen in atherosclerotic lesions, as well as other conditions."" [GOC:add, GOC:dph, GOC:tb]",4
278,LassoLinear,GO:BP,GO:0090077,['GO:0030154'],0.04623709550839928,"""The process in which a relatively unspecialized cell acquires the specialized features of a foam cell. A foam cell is a type of cell containing lipids in small vacuoles and typically seen in atherosclerotic lesions, as well as other conditions."" [GOC:add, GOC:BHF, GOC:dph, GOC:tb]",4
279,multi_Lasso,GO:CC,GO:0070062,"['GO:0005615', 'GO:1903561']",7.207003056867264e-18,"""A vesicle that is released into the extracellular region by fusion of the limiting endosomal membrane of a multivesicular body with the plasma membrane. Extracellular exosomes, also simply called exosomes, have a diameter of about 40-100 nm."" [GOC:BHF, GOC:mah, GOC:vesicles, PMID:15908444, PMID:17641064, PMID:19442504, PMID:19498381, PMID:22418571, PMID:24009894]",44
280,multi_Lasso,GO:CC,GO:1903561,"['GO:0031982', 'GO:0065010']",1.1214694866688601e-17,"""Any vesicle that is part of the extracellular region."" [GO_REF:0000064, GOC:pm, GOC:TermGenie, PMID:24769233]",44
281,multi_Lasso,GO:CC,GO:0043230,"['GO:0005576', 'GO:0043226']",1.1421790966303289e-17,"""Organized structure of distinctive morphology and function, occurring outside the cell. Includes, for example, extracellular membrane vesicles (EMVs) and the cellulosomes of anaerobic bacteria and fungi."" [GOC:jl, PMID:9914479]",44
282,multi_Lasso,GO:CC,GO:0065010,"['GO:0043227', 'GO:0043230']",1.1421790966303289e-17,"""Organized structure of distinctive morphology and function, bounded by a lipid bilayer membrane and occurring outside the cell."" [GOC:isa_complete]",44
283,multi_Lasso,GO:CC,GO:0005615,"['GO:0005576', 'GO:0110165']",4.717893274320816e-15,"""That part of a multicellular organism outside the cells proper, usually taken to be outside the plasma membranes, and occupied by fluid."" [ISBN:0198547684]",50
284,multi_Lasso,GO:CC,GO:0005576,['GO:0110165'],2.766119385723972e-14,"""The space external to the outermost structure of a cell. For cells without external protective or external encapsulating structures this refers to space outside of the plasma membrane. This term covers the host cell environment outside an intracellular parasite."" [GOC:go_curators]",55
285,multi_Lasso,GO:CC,GO:0062023,['GO:0031012'],3.1616651120492923e-14,"""An extracellular matrix consisting mainly of proteins (especially collagen) and glycosaminoglycans (mostly as proteoglycans) that provides not only essential physical scaffolding for the cellular constituents but can also initiate crucial biochemical and biomechanical cues required for tissue morphogenesis, differentiation and homeostasis. The components are secreted by cells in the vicinity and form a sheet underlying or overlying cells such as endothelial and epithelial cells."" [GOC:BHF, GOC:rph, PMID:21123617]",21
286,multi_Lasso,GO:CC,GO:0031012,['GO:0030312'],6.2965390559218846e-12,"""A structure lying external to one or more cells, which provides structural support, biochemical or biomechanical cues for cells or tissues."" [GOC:BHF, GOC:mah, GOC:rph, NIF_Subcellular:nlx_subcell_20090513, PMID:21123617, PMID:28089324]",21
287,multi_Lasso,GO:CC,GO:0030312,"['GO:0071944', 'GO:0110165']",6.522057375943707e-12,"""A structure that lies outside the plasma membrane and surrounds the entire cell or cells. This does not include the periplasmic space."" [GOC:go_curators]",21
288,multi_Lasso,GO:CC,GO:0031982,['GO:0043227'],3.204555077770471e-10,"""Any small, fluid-filled, spherical organelle enclosed by membrane."" [GOC:mah, GOC:pz, GOC:vesicles]",48
289,multi_Lasso,GO:MF,GO:0004866,"['GO:0030414', 'GO:0061135']",1.7118053502472847e-08,"""Binds to and stops, prevents or reduces the activity of an endopeptidase."" [GOC:jl]",12
290,multi_Lasso,GO:MF,GO:0030414,"['GO:0004857', 'GO:0061134']",2.5848694193471428e-08,"""Binds to and stops, prevents or reduces the activity of a peptidase, any enzyme that catalyzes the hydrolysis peptide bonds."" [GOC:jl]",12
291,multi_Lasso,GO:MF,GO:0004867,['GO:0004866'],4.0610917423595144e-08,"""Binds to and stops, prevents or reduces the activity of a serine-type endopeptidase."" [GOC:ai]",10
292,multi_Lasso,GO:MF,GO:0061135,['GO:0061134'],4.968826690249748e-08,"""Binds to and modulates the activity of a peptidase, any enzyme that hydrolyzes nonterminal peptide bonds in polypeptides."" [GOC:dph, GOC:tb]",12
293,multi_Lasso,GO:MF,GO:0061134,['GO:0030234'],5.614338637727407e-07,"""Binds to and modulates the activity of a peptidase, any enzyme that catalyzes the hydrolysis peptide bonds."" [GOC:dph, GOC:tb]",12
294,multi_Lasso,GO:CC,GO:0005737,"['GO:0005622', 'GO:0110165']",6.592038478870086e-07,"""The contents of a cell excluding the plasma membrane and nucleus, but including other subcellular structures."" [ISBN:0198547684]",81
295,multi_Lasso,GO:CC,GO:0031091,['GO:0030141'],1.4671877142654464e-06,"""A secretory organelle found in blood platelets, which is unique in that it exhibits further compartmentalization and acquires its protein content via two distinct mechanisms: (1) biosynthesis predominantly at the megakaryocyte (MK) level (with some vestigial platelet synthesis) (e.g. platelet factor 4) and (2) endocytosis and pinocytosis at both the MK and circulating platelet levels (e.g. fibrinogen (Fg) and IgG)."" [PMID:8467233]",8
296,multi_Lasso,GO:CC,GO:0031093,"['GO:0031091', 'GO:0034774']",3.97362728209633e-06,"""The volume enclosed by the membrane of the platelet alpha granule."" [GOC:mah, PMID:8467233]",7
297,multi_Lasso,GO:CC,GO:0071944,['GO:0110165'],2.024128523575573e-05,"""The broad region around and including the plasma membrane of a cell, encompassing the cell cortex (inside the cell), the plasma membrane, and any external encapsulating structures."" [GOC:pdt]",52
298,multi_Lasso,KEGG,KEGG:00280,['KEGG:00000'],2.142605352882778e-05,"Valine, leucine and isoleucine degradation",6
299,multi_Lasso,GO:CC,GO:0072562,"['GO:0005615', 'GO:0110165']",3.7840198380568175e-05,"""A phospholipid microvesicle that is derived from any of several cell types, such as platelets, blood cells, endothelial cells, or others, and contains membrane receptors as well as other proteins characteristic of the parental cell. Microparticles are heterogeneous in size, and are characterized as microvesicles free of nucleic acids."" [GOC:BHF, GOC:mah, PMID:16373184]",8
300,multi_Lasso,GO:MF,GO:0004857,"['GO:0030234', 'GO:0140678']",0.0002238981576008422,"""Binds to and stops, prevents or reduces the activity of an enzyme."" [GOC:ai, GOC:ebc]",12
301,multi_Lasso,HPA,HPA:0100203,['HPA:0100202'],0.00031376695754555195,cerebral cortex; endothelial cells[High],14
302,multi_Lasso,KEGG,KEGG:00340,['KEGG:00000'],0.0005159263809927738,Histidine metabolism,4
303,multi_Lasso,REAC,REAC:R-HSA-114608,['REAC:R-HSA-76005'],0.0005685260863639106,Platelet degranulation ,8
304,multi_Lasso,WP,WP:WP558,['WP:000000'],0.0006248791975834167,Complement and coagulation cascades,6
305,multi_Lasso,KEGG,KEGG:04610,['KEGG:00000'],0.0006955752159838231,Complement and coagulation cascades,6
306,multi_Lasso,REAC,REAC:R-HSA-76005,['REAC:R-HSA-76002'],0.0007649632417712318,Response to elevated platelet cytosolic Ca2+,8
307,multi_Lasso,GO:MF,GO:0005200,['GO:0005198'],0.0007668895616539038,"""The action of a molecule that contributes to the structural integrity of a cytoskeletal structure."" [GOC:mah]",7
308,multi_Lasso,GO:MF,GO:0003779,['GO:0008092'],0.0008586843964619685,"""Binding to monomeric or multimeric forms of actin, including actin filaments."" [GOC:clt]",12
309,multi_Lasso,GO:MF,GO:0005201,['GO:0005198'],0.0008994699535506886,"""The action of a molecule that contributes to the structural integrity of the extracellular matrix."" [GOC:mah]",8
310,multi_Lasso,HPA,HPA:0471441,['HPA:0470000'],0.0015362231645141924,skin 2; fibrohistiocytic cells[≥Low],21
311,multi_Lasso,GO:MF,GO:0030021,['GO:0005201'],0.0022421389780059556,"""A constituent of the extracellular matrix that enables the matrix to resist compressive forces; often a proteoglycan."" [GOC:mah, ISBN:0815316194]",4
312,multi_Lasso,GO:BP,GO:0051693,"['GO:0030835', 'GO:0030837']",0.0023377263069055826,"""The binding of a protein or protein complex to the end of an actin filament, thus preventing the addition, exchange or removal of further actin subunits."" [ISBN:071673706X]",5
313,multi_Lasso,REAC,REAC:R-HSA-76002,['REAC:R-HSA-109582'],0.002479298283124017,"Platelet activation, signaling and aggregation",10
314,multi_Lasso,HPA,HPA:0461441,['HPA:0460000'],0.002582759668723354,skin 1; fibrohistiocytic cells[≥Low],19
315,multi_Lasso,GO:MF,GO:0140678,['GO:0098772'],0.002814522267811613,"""A molecular function regulator that inhibits or decreases the activity of its target via non-covalent binding that does not result in covalent modification to the target."" [GOC:curators]",12
316,multi_Lasso,GO:CC,GO:0034774,"['GO:0030141', 'GO:0060205']",0.00289178240896262,"""The volume enclosed by the membrane of a secretory granule."" [GOC:rph]",9
317,multi_Lasso,GO:CC,GO:0060205,"['GO:0031410', 'GO:0031983', 'GO:0070013']",0.003115099726574729,"""The volume enclosed by a cytoplasmic vesicle."" [GOC:dph, GOC:vesicles]",9
318,multi_Lasso,GO:CC,GO:0031983,"['GO:0031982', 'GO:0043233']",0.0031927402456408275,"""The volume enclosed by the membrane or protein that forms a vesicle."" [GOC:mah, GOC:vesicles]",9
319,multi_Lasso,WP,WP:WP4686,['WP:000000'],0.003448591615718463,Leucine isoleucine and valine metabolism,4
320,multi_Lasso,GO:BP,GO:0030835,"['GO:0030042', 'GO:0030834', 'GO:0051494', 'GO:1901880', 'GO:1902904']",0.0038036648560836428,"""Any process that stops, prevents, or reduces the frequency, rate or extent of actin depolymerization."" [GOC:mah]",5
321,multi_Lasso,HPA,HPA:0460202,['HPA:0460201'],0.003922736720854915,skin 1; endothelial cells[≥Medium],15
322,multi_Lasso,HPA,HPA:0471442,['HPA:0471441'],0.004253666958376852,skin 2; fibrohistiocytic cells[≥Medium],18
323,multi_Lasso,HPA,HPA:0461432,['HPA:0461431'],0.0052389753212729664,skin 1; extracellular matrix[≥Medium],5
324,multi_Lasso,HPA,HPA:0461433,['HPA:0461432'],0.008852413797647452,skin 1; extracellular matrix[High],4
325,multi_Lasso,GO:CC,GO:0031974,['GO:0110165'],0.009277875998135973,"""The enclosed volume within a sealed membrane or between two sealed membranes. Encompasses the volume enclosed by the membranes of a particular organelle, e.g. endoplasmic reticulum lumen, or the space between the two lipid bilayers of a double membrane surrounding an organelle, e.g. nuclear envelope lumen."" [GOC:add, GOC:mah]",48
326,multi_Lasso,GO:CC,GO:0043233,"['GO:0031974', 'GO:0043226']",0.009277875998135973,"""The internal volume enclosed by the membranes of a particular organelle; includes the volume enclosed by a single organelle membrane, e.g. endoplasmic reticulum lumen, or the volume enclosed by the innermost of the two lipid bilayers of an organelle envelope, e.g. nuclear lumen."" [GOC:jl, GOC:mah]",48
327,multi_Lasso,GO:CC,GO:0070013,"['GO:0043229', 'GO:0043233']",0.009277875998135973,"""An organelle lumen that is part of an intracellular organelle."" [GOC:mah]",48
328,multi_Lasso,GO:BP,GO:0030834,"['GO:0008064', 'GO:0030042', 'GO:1901879']",0.009733622990904387,"""Any process that modulates the frequency, rate or extent of the disassembly of actin filaments by the removal of actin monomers from a filament."" [GOC:mah]",5
329,multi_Lasso,HPA,HPA:0100201,['HPA:0100000'],0.010126506952340965,cerebral cortex; endothelial cells[≥Low],51
330,multi_Lasso,HPA,HPA:0400202,['HPA:0400201'],0.011958708438577312,rectum; endothelial cells[≥Medium],8
331,multi_Lasso,GO:MF,GO:0008092,['GO:0005515'],0.012776310664915065,"""Binding to a protein component of a cytoskeleton (actin, microtubule, or intermediate filament cytoskeleton)."" [GOC:mah]",16
332,multi_Lasso,GO:BP,GO:0009081,"['GO:0006520', 'GO:0019752', 'GO:1901564']",0.015074103554988364,"""The chemical reactions and pathways involving amino acids containing a branched carbon skeleton, comprising isoleucine, leucine and valine."" [GOC:ai]",4
333,multi_Lasso,GO:BP,GO:0030042,"['GO:0008154', 'GO:0051261']",0.015267631213089175,"""Disassembly of actin filaments by the removal of actin monomers from a filament."" [GOC:mah]",5
334,multi_Lasso,HPA,HPA:0461431,['HPA:0460000'],0.01562585487758587,skin 1; extracellular matrix[≥Low],5
335,multi_Lasso,HPA,HPA:0460201,['HPA:0460000'],0.017686779816451868,skin 1; endothelial cells[≥Low],17
336,multi_Lasso,REAC,REAC:R-HSA-445095,['REAC:R-HSA-373760'],0.018301067731922447,Interaction between L1 and Ankyrins,4
337,multi_Lasso,HPA,HPA:0400201,['HPA:0400000'],0.018768147814842547,rectum; endothelial cells[≥Low],9
338,multi_Lasso,HPA,HPA:0460203,['HPA:0460202'],0.01951704736169381,skin 1; endothelial cells[High],10
339,multi_Lasso,HPA,HPA:0130203,['HPA:0130202'],0.02138859161386152,colon; endothelial cells[High],17
340,multi_Lasso,HPA,HPA:0400241,['HPA:0400000'],0.02244499383541598,rectum; peripheral nerve/ganglion[≥Low],9
341,multi_Lasso,GO:CC,GO:0005925,['GO:0030055'],0.024962549855179827,"""A cell-substrate junction that anchors the cell to the extracellular matrix and that forms a point of termination of actin filaments. In insects focal adhesion has also been referred to as hemi-adherens junction (HAJ)."" [GOC:aruk, GOC:bc, ISBN:0124325653, ISBN:0815316208, PMID:10419689, PMID:12191915, PMID:15246682, PMID:1643657, PMID:16805308, PMID:19197329, PMID:23033047, PMID:26923917, PMID:28796323, PMID:8314002]",9
342,multi_Lasso,HPA,HPA:0471431,['HPA:0470000'],0.02852110426920669,skin 2; extracellular matrix[≥Low],5
343,multi_Lasso,GO:BP,GO:0030837,"['GO:0030041', 'GO:0030833', 'GO:0032272', 'GO:0051494', 'GO:1902904']",0.028941676085552873,"""Any process that stops, prevents, or reduces the frequency, rate or extent of actin polymerization."" [GOC:mah]",5
344,multi_Lasso,GO:CC,GO:0030055,['GO:0070161'],0.029804339506633942,"""A cell junction that forms a connection between a cell and the extracellular matrix."" [GOC:aruk, GOC:bc, GOC:hb, GOC:mah, PMID:10419689, PMID:1643657, PMID:16805308, PMID:26923917, PMID:8314002]",9
345,multi_Lasso,GO:CC,GO:0005775,"['GO:0005773', 'GO:0070013']",0.03434884376957022,"""The volume enclosed within the vacuolar membrane."" [ISBN:0198506732]",6
346,multi_Lasso,HPA,HPA:0470202,['HPA:0470201'],0.035511335044004264,skin 2; endothelial cells[≥Medium],14
347,multi_Lasso,GO:MF,GO:0005198,['GO:0003674'],0.039397574251730814,"""The action of a molecule that contributes to the structural integrity of a complex."" [GOC:mah, GOC:vw]",16
348,multi_Lasso,GO:BP,GO:1901880,"['GO:0043242', 'GO:0051261', 'GO:1901879']",0.04435349248995592,"""Any process that stops, prevents or reduces the frequency, rate or extent of protein depolymerization."" [GOC:BHF, GOC:rl, GOC:TermGenie, PMID:12032137]",5
349,multi_Lasso,REAC,REAC:R-HSA-373760,['REAC:R-HSA-422475'],0.04855888299933885,L1CAM interactions,6
350,SVM,GO:CC,GO:0005615,"['GO:0005576', 'GO:0110165']",2.1408436405719485e-18,"""That part of a multicellular organism outside the cells proper, usually taken to be outside the plasma membranes, and occupied by fluid."" [ISBN:0198547684]",54
351,SVM,GO:CC,GO:0005576,['GO:0110165'],1.7550712997215597e-17,"""The space external to the outermost structure of a cell. For cells without external protective or external encapsulating structures this refers to space outside of the plasma membrane. This term covers the host cell environment outside an intracellular parasite."" [GOC:go_curators]",59
352,SVM,GO:CC,GO:0070062,"['GO:0005615', 'GO:1903561']",1.0474757917644595e-12,"""A vesicle that is released into the extracellular region by fusion of the limiting endosomal membrane of a multivesicular body with the plasma membrane. Extracellular exosomes, also simply called exosomes, have a diameter of about 40-100 nm."" [GOC:BHF, GOC:mah, GOC:vesicles, PMID:15908444, PMID:17641064, PMID:19442504, PMID:19498381, PMID:22418571, PMID:24009894]",38
353,SVM,GO:CC,GO:1903561,"['GO:0031982', 'GO:0065010']",1.5108739990690049e-12,"""Any vesicle that is part of the extracellular region."" [GO_REF:0000064, GOC:pm, GOC:TermGenie, PMID:24769233]",38
354,SVM,GO:CC,GO:0065010,"['GO:0043227', 'GO:0043230']",1.53394427691934e-12,"""Organized structure of distinctive morphology and function, bounded by a lipid bilayer membrane and occurring outside the cell."" [GOC:isa_complete]",38
355,SVM,GO:CC,GO:0043230,"['GO:0005576', 'GO:0043226']",1.53394427691934e-12,"""Organized structure of distinctive morphology and function, occurring outside the cell. Includes, for example, extracellular membrane vesicles (EMVs) and the cellulosomes of anaerobic bacteria and fungi."" [GOC:jl, PMID:9914479]",38
356,SVM,GO:CC,GO:0031982,['GO:0043227'],6.279276552025751e-09,"""Any small, fluid-filled, spherical organelle enclosed by membrane."" [GOC:mah, GOC:pz, GOC:vesicles]",46
357,SVM,GO:CC,GO:0031012,['GO:0030312'],5.640631780053176e-07,"""A structure lying external to one or more cells, which provides structural support, biochemical or biomechanical cues for cells or tissues."" [GOC:BHF, GOC:mah, GOC:rph, NIF_Subcellular:nlx_subcell_20090513, PMID:21123617, PMID:28089324]",16
358,SVM,GO:CC,GO:0030312,"['GO:0071944', 'GO:0110165']",5.787639537460151e-07,"""A structure that lies outside the plasma membrane and surrounds the entire cell or cells. This does not include the periplasmic space."" [GOC:go_curators]",16
359,SVM,GO:CC,GO:0072562,"['GO:0005615', 'GO:0110165']",2.150052278826512e-06,"""A phospholipid microvesicle that is derived from any of several cell types, such as platelets, blood cells, endothelial cells, or others, and contains membrane receptors as well as other proteins characteristic of the parental cell. Microparticles are heterogeneous in size, and are characterized as microvesicles free of nucleic acids."" [GOC:BHF, GOC:mah, PMID:16373184]",9
360,SVM,GO:BP,GO:0006953,['GO:0002526'],4.851921564955307e-06,"""An acute inflammatory response that involves non-antibody proteins whose concentrations in the plasma increase in response to infection or injury of homeothermic animals."" [ISBN:0198506732]",7
361,SVM,GO:BP,GO:0050896,['GO:0008150'],7.57408736245023e-05,"""Any process that results in a change in state or activity of a cell or an organism (in terms of movement, secretion, enzyme production, gene expression, etc.) as a result of a stimulus. The process begins with detection of the stimulus and ends with a change in state or activity or the cell or organism."" [GOC:ai, GOC:bf]",66
362,SVM,GO:CC,GO:0062023,['GO:0031012'],8.582947003388395e-05,"""An extracellular matrix consisting mainly of proteins (especially collagen) and glycosaminoglycans (mostly as proteoglycans) that provides not only essential physical scaffolding for the cellular constituents but can also initiate crucial biochemical and biomechanical cues required for tissue morphogenesis, differentiation and homeostasis. The components are secreted by cells in the vicinity and form a sheet underlying or overlying cells such as endothelial and epithelial cells."" [GOC:BHF, GOC:rph, PMID:21123617]",12
363,SVM,GO:CC,GO:0031093,"['GO:0031091', 'GO:0034774']",0.00011362998720104353,"""The volume enclosed by the membrane of the platelet alpha granule."" [GOC:mah, PMID:8467233]",6
364,SVM,REAC,REAC:R-HSA-168249,['REAC:R-HSA-168256'],0.00014663885820234872,Innate Immune System,21
365,SVM,GO:CC,GO:1990777,['GO:0032994'],0.00016780385763977374,"""A spherical particle containing non-covalently associated proteins and lipids. Examples are plasma lipoprotein particles which transport lipids in the blood or lymph."" [GOC:vesicles]",5
366,SVM,GO:CC,GO:0034358,"['GO:0005615', 'GO:1990777']",0.00016780385763977374,"""A spherical particle with a hydrophobic core of triglycerides and/or cholesterol esters, surrounded by an amphipathic monolayer of phospholipids, cholesterol and apolipoproteins. Plasma lipoprotein particles transport lipids, which are non-covalently associated with the particles, in the blood or lymph."" [GOC:BHF, GOC:expert_pt, GOC:rl]",5
367,SVM,REAC,REAC:R-HSA-114608,['REAC:R-HSA-76005'],0.00020509231018887706,Platelet degranulation ,8
368,SVM,GO:CC,GO:0032994,['GO:0032991'],0.000247964927346323,"""A macromolecular complex containing separate protein and lipid molecules. Separate in this context means not covalently bound to each other."" [GOC:mah]",5
369,SVM,REAC,REAC:R-HSA-76005,['REAC:R-HSA-76002'],0.0002769754683852941,Response to elevated platelet cytosolic Ca2+,8
370,SVM,GO:CC,GO:0031091,['GO:0030141'],0.0007161051512537416,"""A secretory organelle found in blood platelets, which is unique in that it exhibits further compartmentalization and acquires its protein content via two distinct mechanisms: (1) biosynthesis predominantly at the megakaryocyte (MK) level (with some vestigial platelet synthesis) (e.g. platelet factor 4) and (2) endocytosis and pinocytosis at both the MK and circulating platelet levels (e.g. fibrinogen (Fg) and IgG)."" [PMID:8467233]",6
371,SVM,GO:BP,GO:0002526,['GO:0006954'],0.0012749443180893052,"""Inflammation which comprises a rapid, short-lived, relatively uniform response to acute injury or antigenic challenge and is characterized by accumulations of fluid, plasma proteins, and granulocytic leukocytes. An acute inflammatory response occurs within a matter of minutes or hours, and either resolves within a few days or becomes a chronic inflammatory response."" [GO_REF:0000022, GOC:add, ISBN:0781735149]",7
372,SVM,GO:BP,GO:0048583,"['GO:0050789', 'GO:0050896']",0.0015123350611289078,"""Any process that modulates the frequency, rate or extent of a response to a stimulus. Response to stimulus is a change in state or activity of a cell or an organism (in terms of movement, secretion, enzyme production, gene expression, etc.) as a result of a stimulus."" [GOC:jid]",38
373,SVM,GO:CC,GO:0034364,['GO:0034358'],0.0016995394924281468,"""A lipoprotein particle with a high density (typically 1.063-1.21 g/ml) and a diameter of 5-10 nm that contains APOAs and may contain APOCs and APOE; found in blood and carries lipids from body tissues to the liver as part of the reverse cholesterol transport process."" [GOC:BHF, GOC:expert_pt, GOC:mah, GOC:pde, GOC:rl]",4
374,SVM,GO:BP,GO:0002376,['GO:0008150'],0.004102389701453129,"""Any process involved in the development or functioning of the immune system, an organismal system for calibrated responses to potential internal or invasive threats."" [GO_REF:0000022, GOC:add]",30
375,SVM,GO:MF,GO:0004867,['GO:0004866'],0.004736357804623061,"""Binds to and stops, prevents or reduces the activity of a serine-type endopeptidase."" [GOC:ai]",6
376,SVM,REAC,REAC:R-HSA-2173782,['REAC:R-HSA-5653656'],0.0073804283769615744,Binding and Uptake of Ligands by Scavenger Receptors,6
377,SVM,GO:MF,GO:0004866,"['GO:0030414', 'GO:0061135']",0.0073943185012278504,"""Binds to and stops, prevents or reduces the activity of an endopeptidase."" [GOC:jl]",7
378,SVM,REAC,REAC:R-HSA-109582,['REAC:0000000'],0.007968612014809891,Hemostasis,14
379,SVM,GO:MF,GO:0030414,"['GO:0004857', 'GO:0061134']",0.009285534545779855,"""Binds to and stops, prevents or reduces the activity of a peptidase, any enzyme that catalyzes the hydrolysis peptide bonds."" [GOC:jl]",7
380,SVM,REAC,REAC:R-HSA-977606,['REAC:R-HSA-166658'],0.009299119560275584,Regulation of Complement cascade,6
381,SVM,GO:BP,GO:0002253,"['GO:0002376', 'GO:0050778']",0.009635541089930475,"""Any process that initiates an immune response."" [GO_REF:0000022, GOC:add, ISBN:0781735149]",12
382,SVM,GO:BP,GO:0002455,"['GO:0006959', 'GO:0016064']",0.011078000102139421,"""An immune response dependent upon secreted immunoglobulin. An example of this process is found in Mus musculus."" [GO_REF:0000022, GOC:add, ISBN:0781735149]",5
383,SVM,WP,WP:WP5109,['WP:000000'],0.011615403899225165,Familial hyperlipidemia type 2,3
384,SVM,GO:MF,GO:0061135,['GO:0061134'],0.01331854011404719,"""Binds to and modulates the activity of a peptidase, any enzyme that hydrolyzes nonterminal peptide bonds in polypeptides."" [GOC:dph, GOC:tb]",7
385,SVM,WP,WP:WP15,['WP:000000'],0.014315943257240537,Selenium micronutrient network,5
386,SVM,GO:CC,GO:0019814,['GO:0032991'],0.014365127606924852,"""A protein complex that in its canonical form is composed of two identical immunoglobulin heavy chains and two identical immunoglobulin light chains, held together by disulfide bonds and sometimes complexed with additional proteins. An immunoglobulin complex may be embedded in the plasma membrane or present in the extracellular space, in mucosal areas or other tissues, or circulating in the blood or lymph."" [GOC:add, GOC:jl, ISBN:0781765196]",6
387,SVM,GO:CC,GO:0099503,['GO:0031410'],0.014986457771467098,"""A cytoplasmic, membrane bound vesicle that is capable of fusing to the plasma membrane to release its contents into the extracellular space."" [GOC:dos]",15
388,SVM,REAC,REAC:R-HSA-166658,['REAC:R-HSA-168249'],0.01589367975044263,Complement cascade,6
389,SVM,GO:CC,GO:0034774,"['GO:0030141', 'GO:0060205']",0.020923657881196638,"""The volume enclosed by the membrane of a secretory granule."" [GOC:rph]",8
390,SVM,GO:CC,GO:0060205,"['GO:0031410', 'GO:0031983', 'GO:0070013']",0.022325834523680015,"""The volume enclosed by a cytoplasmic vesicle."" [GOC:dph, GOC:vesicles]",8
391,SVM,GO:CC,GO:0031983,"['GO:0031982', 'GO:0043233']",0.022810216657301232,"""The volume enclosed by the membrane or protein that forms a vesicle."" [GOC:mah, GOC:vesicles]",8
392,SVM,WP,WP:WP1533,['WP:000000'],0.023391387209313576,Vitamin B12 metabolism,4
393,SVM,GO:BP,GO:0006956,"['GO:0002252', 'GO:0002253', 'GO:0006959']",0.023530878756881056,"""Any process involved in the activation of any of the steps of the complement cascade, which allows for the direct killing of microbes, the disposal of immune complexes, and the regulation of other immune processes; the initial steps of complement activation involve one of three pathways, the classical pathway, the alternative pathway, and the lectin pathway, all of which lead to the terminal complement pathway."" [GO_REF:0000022, GOC:add, ISBN:0781735149]",5
394,SVM,REAC,REAC:R-HSA-168256,['REAC:0000000'],0.030424432336954188,Immune System,25
395,SVM,GO:CC,GO:0030141,"['GO:0012505', 'GO:0099503']",0.03542650415719445,"""A small subcellular vesicle, surrounded by a membrane, that is formed from the Golgi apparatus and contains a highly concentrated protein destined for secretion. Secretory granules move towards the periphery of the cell and upon stimulation, their membranes fuse with the cell membrane, and their protein load is exteriorized. Processing of the contained protein may take place in secretory granules."" [GOC:mah, ISBN:0198506732]",13
396,SVM,GO:CC,GO:0071682,"['GO:0030139', 'GO:0070013']",0.03551721542362153,"""The volume enclosed by the membrane of an endocytic vesicle."" [GOC:pde]",3
397,SVM,WP,WP:WP558,['WP:000000'],0.03860287368259438,Complement and coagulation cascades,4
398,SVM,KEGG,KEGG:04610,['KEGG:00000'],0.03868364406977638,Complement and coagulation cascades,4
399,SVM,GO:CC,GO:0031410,"['GO:0005737', 'GO:0097708']",0.03880527416860975,"""A vesicle found in the cytoplasm of a cell."" [GOC:ai, GOC:mah, GOC:vesicles]",24
400,SVM,GO:CC,GO:0097708,"['GO:0031982', 'GO:0043231']",0.0400158094493883,"""Any vesicle that is part of the intracellular region."" [GOC:vesicles]",24
401,SVM,GO:BP,GO:0050778,"['GO:0002684', 'GO:0006955', 'GO:0048584', 'GO:0050776']",0.0403227843502745,"""Any process that activates or increases the frequency, rate or extent of the immune response, the immunological reaction of an organism to an immunogenic stimulus."" [GOC:ai]",13
402,SVM,REAC,REAC:R-HSA-76002,['REAC:R-HSA-109582'],0.042053215058749725,"Platelet activation, signaling and aggregation",8
403,SVM,GO:BP,GO:0032501,['GO:0008150'],0.044486431177044185,"""Any biological process, occurring at the level of a multicellular organism, pertinent to its function."" [GOC:curators, GOC:dph, GOC:isa_complete, GOC:tb]",54
404,Lightgbm,MIRNA,MIRNA:hsa-miR-372-5p,['MIRNA:000000'],0.029639503087990144,hsa-miR-372-5p,3
405,Lightgbm,MIRNA,MIRNA:hsa-miR-371a-5p,['MIRNA:000000'],0.034845881041896364,hsa-miR-371a-5p,3
406,Lightgbm,MIRNA,MIRNA:hsa-miR-373-5p,['MIRNA:000000'],0.042677578114577494,hsa-miR-373-5p,3
407,Lightgbm,MIRNA,MIRNA:hsa-miR-371b-5p,['MIRNA:000000'],0.04302682765093704,hsa-miR-371b-5p,3
408,Lightgbm,MIRNA,MIRNA:hsa-miR-616-5p,['MIRNA:000000'],0.044085849168706684,hsa-miR-616-5p,3
409,Lightgbm,GO:MF,GO:0004582,['GO:0000030'],0.04990330165948482,"""Catalysis of the reaction: GDP-mannose + dolichyl phosphate = GDP + dolichyl D-mannosyl phosphate."" [EC:2.4.1.83]",1
